2025-11-21 18:11:31,946 INFO  Logger.cs: 70 - 
--------------------------------------------------------------------------------
2025-11-21 18:11:31,968 INFO  Logger.cs: 71 - Logging commencing for SW2URDF exporter
2025-11-21 18:11:31,968 INFO  Logger.cs: 73 - Commit version 1.6.0-4-g7f85cfe
2025-11-21 18:11:31,969 INFO  Logger.cs: 74 - Build version 1.6.7995.38578
2025-11-21 18:11:31,971 INFO  SwAddin.cs: 192 - Attempting to connect to SW
2025-11-21 18:11:31,972 INFO  SwAddin.cs: 197 - Setting up callbacks
2025-11-21 18:11:31,972 INFO  SwAddin.cs: 201 - Setting up command manager
2025-11-21 18:11:31,972 INFO  SwAddin.cs: 204 - Adding command manager
2025-11-21 18:11:31,975 INFO  SwAddin.cs: 263 - Adding Assembly export to file menu
2025-11-21 18:11:31,976 INFO  SwAddin.cs: 272 - Adding Part export to file menu
2025-11-21 18:11:31,977 INFO  SwAddin.cs: 210 - Adding event handlers
2025-11-21 18:11:32,087 INFO  SwAddin.cs: 217 - Connecting plugin to SolidWorks
2025-11-21 18:16:06,387 INFO  SwAddin.cs: 294 - Assembly export called for file AAA总装.SLDASM
2025-11-21 18:16:06,389 INFO  SwAddin.cs: 299 - Save is required
2025-11-21 18:16:06,389 INFO  SwAddin.cs: 313 - Saving assembly
2025-11-21 18:16:08,421 INFO  SwAddin.cs: 316 - Opening property manager
2025-11-21 18:16:08,428 INFO  ExportHelperExtension.cs: 1125 - Retrieving features of type [CoordSys] from AAA总装.SLDASM
2025-11-21 18:16:08,448 INFO  ExportHelperExtension.cs: 1136 - Found 100 in AAA总装.SLDASM
2025-11-21 18:16:08,448 INFO  ExportHelperExtension.cs: 1145 - Found 0 features of type [CoordSys] in AAA总装.SLDASM
2025-11-21 18:16:08,449 INFO  ExportHelperExtension.cs: 1148 - Proceeding through assembly components
2025-11-21 18:16:08,449 INFO  ExportHelperExtension.cs: 1160 - 16 components to check
2025-11-21 18:16:08,450 INFO  ExportHelperExtension.cs: 1125 - Retrieving features of type [CoordSys] from 3508减速机装配体ereal-3
2025-11-21 18:16:08,451 INFO  ExportHelperExtension.cs: 1136 - Found 100 in 3508减速机装配体ereal-3
2025-11-21 18:16:08,451 INFO  ExportHelperExtension.cs: 1145 - Found 0 features of type [CoordSys] in 3508减速机装配体ereal-3
2025-11-21 18:16:08,451 INFO  ExportHelperExtension.cs: 1125 - Retrieving features of type [CoordSys] from 3508减速机装配体ereal-4
2025-11-21 18:16:08,451 INFO  ExportHelperExtension.cs: 1136 - Found 100 in 3508减速机装配体ereal-4
2025-11-21 18:16:08,451 INFO  ExportHelperExtension.cs: 1145 - Found 0 features of type [CoordSys] in 3508减速机装配体ereal-4
2025-11-21 18:16:08,452 INFO  ExportHelperExtension.cs: 1125 - Retrieving features of type [CoordSys] from 抬升驱动^AAA总装-1
2025-11-21 18:16:08,452 INFO  ExportHelperExtension.cs: 1136 - Found 70 in 抬升驱动^AAA总装-1
2025-11-21 18:16:08,452 INFO  ExportHelperExtension.cs: 1145 - Found 0 features of type [CoordSys] in 抬升驱动^AAA总装-1
2025-11-21 18:16:08,453 INFO  ExportHelperExtension.cs: 1125 - Retrieving features of type [CoordSys] from 撑杆-14
2025-11-21 18:16:08,453 INFO  ExportHelperExtension.cs: 1136 - Found 49 in 撑杆-14
2025-11-21 18:16:08,453 INFO  ExportHelperExtension.cs: 1145 - Found 0 features of type [CoordSys] in 撑杆-14
2025-11-21 18:16:08,453 INFO  ExportHelperExtension.cs: 1125 - Retrieving features of type [CoordSys] from 3508减速机装配体ereal-1
2025-11-21 18:16:08,453 INFO  ExportHelperExtension.cs: 1136 - Found 100 in 3508减速机装配体ereal-1
2025-11-21 18:16:08,454 INFO  ExportHelperExtension.cs: 1145 - Found 0 features of type [CoordSys] in 3508减速机装配体ereal-1
2025-11-21 18:16:08,454 INFO  ExportHelperExtension.cs: 1125 - Retrieving features of type [CoordSys] from 整车框架^AAA总装-1
2025-11-21 18:16:08,454 INFO  ExportHelperExtension.cs: 1136 - Found 355 in 整车框架^AAA总装-1
2025-11-21 18:16:08,455 INFO  ExportHelperExtension.cs: 1145 - Found 0 features of type [CoordSys] in 整车框架^AAA总装-1
2025-11-21 18:16:08,456 INFO  ExportHelperExtension.cs: 1125 - Retrieving features of type [CoordSys] from 3508减速机装配体ereal-5
2025-11-21 18:16:08,456 INFO  ExportHelperExtension.cs: 1136 - Found 100 in 3508减速机装配体ereal-5
2025-11-21 18:16:08,456 INFO  ExportHelperExtension.cs: 1145 - Found 0 features of type [CoordSys] in 3508减速机装配体ereal-5
2025-11-21 18:16:08,458 INFO  ExportHelperExtension.cs: 1125 - Retrieving features of type [CoordSys] from 撑杆-1
2025-11-21 18:16:08,458 INFO  ExportHelperExtension.cs: 1136 - Found 49 in 撑杆-1
2025-11-21 18:16:08,458 INFO  ExportHelperExtension.cs: 1145 - Found 0 features of type [CoordSys] in 撑杆-1
2025-11-21 18:16:08,458 INFO  ExportHelperExtension.cs: 1125 - Retrieving features of type [CoordSys] from 撑杆-12
2025-11-21 18:16:08,458 INFO  ExportHelperExtension.cs: 1136 - Found 49 in 撑杆-12
2025-11-21 18:16:08,459 INFO  ExportHelperExtension.cs: 1145 - Found 0 features of type [CoordSys] in 撑杆-12
2025-11-21 18:16:08,459 INFO  ExportHelperExtension.cs: 1125 - Retrieving features of type [CoordSys] from 撑杆-13
2025-11-21 18:16:08,459 INFO  ExportHelperExtension.cs: 1136 - Found 49 in 撑杆-13
2025-11-21 18:16:08,459 INFO  ExportHelperExtension.cs: 1145 - Found 0 features of type [CoordSys] in 撑杆-13
2025-11-21 18:16:08,459 INFO  ExportHelperExtension.cs: 1125 - Retrieving features of type [CoordSys] from u8直驱舵轮-5
2025-11-21 18:16:08,459 INFO  ExportHelperExtension.cs: 1136 - Found 94 in u8直驱舵轮-5
2025-11-21 18:16:08,459 INFO  ExportHelperExtension.cs: 1145 - Found 0 features of type [CoordSys] in u8直驱舵轮-5
2025-11-21 18:16:08,460 INFO  ExportHelperExtension.cs: 1125 - Retrieving features of type [CoordSys] from u8直驱舵轮-3
2025-11-21 18:16:08,460 INFO  ExportHelperExtension.cs: 1136 - Found 94 in u8直驱舵轮-3
2025-11-21 18:16:08,461 INFO  ExportHelperExtension.cs: 1145 - Found 0 features of type [CoordSys] in u8直驱舵轮-3
2025-11-21 18:16:08,461 INFO  ExportHelperExtension.cs: 1125 - Retrieving features of type [CoordSys] from u8直驱舵轮-4
2025-11-21 18:16:08,461 INFO  ExportHelperExtension.cs: 1136 - Found 94 in u8直驱舵轮-4
2025-11-21 18:16:08,461 INFO  ExportHelperExtension.cs: 1145 - Found 0 features of type [CoordSys] in u8直驱舵轮-4
2025-11-21 18:16:08,461 INFO  ExportHelperExtension.cs: 1125 - Retrieving features of type [CoordSys] from u8直驱舵轮-1
2025-11-21 18:16:08,462 INFO  ExportHelperExtension.cs: 1136 - Found 94 in u8直驱舵轮-1
2025-11-21 18:16:08,462 INFO  ExportHelperExtension.cs: 1145 - Found 0 features of type [CoordSys] in u8直驱舵轮-1
2025-11-21 18:16:08,462 INFO  ExportHelperExtension.cs: 1125 - Retrieving features of type [RefAxis] from AAA总装.SLDASM
2025-11-21 18:16:08,462 INFO  ExportHelperExtension.cs: 1136 - Found 100 in AAA总装.SLDASM
2025-11-21 18:16:08,462 INFO  ExportHelperExtension.cs: 1145 - Found 0 features of type [RefAxis] in AAA总装.SLDASM
2025-11-21 18:16:08,463 INFO  ExportHelperExtension.cs: 1148 - Proceeding through assembly components
2025-11-21 18:16:08,581 INFO  ExportHelperExtension.cs: 1160 - 16 components to check
2025-11-21 18:16:08,581 INFO  ExportHelperExtension.cs: 1125 - Retrieving features of type [RefAxis] from 3508减速机装配体ereal-3
2025-11-21 18:16:08,582 INFO  ExportHelperExtension.cs: 1136 - Found 100 in 3508减速机装配体ereal-3
2025-11-21 18:16:08,582 INFO  ExportHelperExtension.cs: 1145 - Found 0 features of type [RefAxis] in 3508减速机装配体ereal-3
2025-11-21 18:16:08,582 INFO  ExportHelperExtension.cs: 1125 - Retrieving features of type [RefAxis] from 3508减速机装配体ereal-4
2025-11-21 18:16:08,583 INFO  ExportHelperExtension.cs: 1136 - Found 100 in 3508减速机装配体ereal-4
2025-11-21 18:16:08,583 INFO  ExportHelperExtension.cs: 1145 - Found 0 features of type [RefAxis] in 3508减速机装配体ereal-4
2025-11-21 18:16:08,583 INFO  ExportHelperExtension.cs: 1125 - Retrieving features of type [RefAxis] from 抬升驱动^AAA总装-1
2025-11-21 18:16:08,583 INFO  ExportHelperExtension.cs: 1136 - Found 70 in 抬升驱动^AAA总装-1
2025-11-21 18:16:08,583 INFO  ExportHelperExtension.cs: 1145 - Found 0 features of type [RefAxis] in 抬升驱动^AAA总装-1
2025-11-21 18:16:08,584 INFO  ExportHelperExtension.cs: 1125 - Retrieving features of type [RefAxis] from 撑杆-14
2025-11-21 18:16:08,584 INFO  ExportHelperExtension.cs: 1136 - Found 49 in 撑杆-14
2025-11-21 18:16:08,584 INFO  ExportHelperExtension.cs: 1145 - Found 0 features of type [RefAxis] in 撑杆-14
2025-11-21 18:16:08,584 INFO  ExportHelperExtension.cs: 1125 - Retrieving features of type [RefAxis] from 3508减速机装配体ereal-1
2025-11-21 18:16:08,584 INFO  ExportHelperExtension.cs: 1136 - Found 100 in 3508减速机装配体ereal-1
2025-11-21 18:16:08,585 INFO  ExportHelperExtension.cs: 1145 - Found 0 features of type [RefAxis] in 3508减速机装配体ereal-1
2025-11-21 18:16:08,585 INFO  ExportHelperExtension.cs: 1125 - Retrieving features of type [RefAxis] from 整车框架^AAA总装-1
2025-11-21 18:16:08,585 INFO  ExportHelperExtension.cs: 1136 - Found 355 in 整车框架^AAA总装-1
2025-11-21 18:16:08,586 INFO  ExportHelperExtension.cs: 1145 - Found 0 features of type [RefAxis] in 整车框架^AAA总装-1
2025-11-21 18:16:08,586 INFO  ExportHelperExtension.cs: 1125 - Retrieving features of type [RefAxis] from 3508减速机装配体ereal-5
2025-11-21 18:16:08,586 INFO  ExportHelperExtension.cs: 1136 - Found 100 in 3508减速机装配体ereal-5
2025-11-21 18:16:08,587 INFO  ExportHelperExtension.cs: 1145 - Found 0 features of type [RefAxis] in 3508减速机装配体ereal-5
2025-11-21 18:16:08,587 INFO  ExportHelperExtension.cs: 1125 - Retrieving features of type [RefAxis] from 撑杆-1
2025-11-21 18:16:08,587 INFO  ExportHelperExtension.cs: 1136 - Found 49 in 撑杆-1
2025-11-21 18:16:08,587 INFO  ExportHelperExtension.cs: 1145 - Found 0 features of type [RefAxis] in 撑杆-1
2025-11-21 18:16:08,587 INFO  ExportHelperExtension.cs: 1125 - Retrieving features of type [RefAxis] from 撑杆-12
2025-11-21 18:16:08,587 INFO  ExportHelperExtension.cs: 1136 - Found 49 in 撑杆-12
2025-11-21 18:16:08,587 INFO  ExportHelperExtension.cs: 1145 - Found 0 features of type [RefAxis] in 撑杆-12
2025-11-21 18:16:08,587 INFO  ExportHelperExtension.cs: 1125 - Retrieving features of type [RefAxis] from 撑杆-13
2025-11-21 18:16:08,587 INFO  ExportHelperExtension.cs: 1136 - Found 49 in 撑杆-13
2025-11-21 18:16:08,589 INFO  ExportHelperExtension.cs: 1145 - Found 0 features of type [RefAxis] in 撑杆-13
2025-11-21 18:16:08,589 INFO  ExportHelperExtension.cs: 1125 - Retrieving features of type [RefAxis] from u8直驱舵轮-5
2025-11-21 18:16:08,589 INFO  ExportHelperExtension.cs: 1136 - Found 94 in u8直驱舵轮-5
2025-11-21 18:16:08,589 INFO  ExportHelperExtension.cs: 1145 - Found 0 features of type [RefAxis] in u8直驱舵轮-5
2025-11-21 18:16:08,589 INFO  ExportHelperExtension.cs: 1125 - Retrieving features of type [RefAxis] from u8直驱舵轮-3
2025-11-21 18:16:08,589 INFO  ExportHelperExtension.cs: 1136 - Found 94 in u8直驱舵轮-3
2025-11-21 18:16:08,589 INFO  ExportHelperExtension.cs: 1145 - Found 0 features of type [RefAxis] in u8直驱舵轮-3
2025-11-21 18:16:08,589 INFO  ExportHelperExtension.cs: 1125 - Retrieving features of type [RefAxis] from u8直驱舵轮-4
2025-11-21 18:16:08,590 INFO  ExportHelperExtension.cs: 1136 - Found 94 in u8直驱舵轮-4
2025-11-21 18:16:08,590 INFO  ExportHelperExtension.cs: 1145 - Found 0 features of type [RefAxis] in u8直驱舵轮-4
2025-11-21 18:16:08,591 INFO  ExportHelperExtension.cs: 1125 - Retrieving features of type [RefAxis] from u8直驱舵轮-1
2025-11-21 18:16:08,591 INFO  ExportHelperExtension.cs: 1136 - Found 94 in u8直驱舵轮-1
2025-11-21 18:16:08,591 INFO  ExportHelperExtension.cs: 1145 - Found 0 features of type [RefAxis] in u8直驱舵轮-1
2025-11-21 18:16:08,876 INFO  SwAddin.cs: 339 - Loading config tree
2025-11-21 18:16:08,878 INFO  ExportPropertyManagerExtension.cs: 520 - Starting new configuration
2025-11-21 18:16:08,882 INFO  SwAddin.cs: 344 - Showing property manager
2025-11-21 18:16:10,166 INFO  ExportPropertyManager.cs: 416 - Configuration canceled
2025-11-21 18:16:10,284 INFO  ExportPropertyManager.cs: 1142 - AfterClose called. This method no longer throws an Exception. It just silently does nothing. Ok, except for this logging message
2025-11-21 18:52:33,428 INFO  SwAddin.cs: 294 - Assembly export called for file AAA总装.SLDASM
2025-11-21 18:52:35,887 INFO  SwAddin.cs: 313 - Saving assembly
2025-11-21 18:52:36,458 INFO  SwAddin.cs: 316 - Opening property manager
2025-11-21 18:52:36,459 INFO  ExportHelperExtension.cs: 1125 - Retrieving features of type [CoordSys] from AAA总装.SLDASM
2025-11-21 18:52:36,460 INFO  ExportHelperExtension.cs: 1136 - Found 153 in AAA总装.SLDASM
2025-11-21 18:52:36,460 INFO  ExportHelperExtension.cs: 1145 - Found 15 features of type [CoordSys] in AAA总装.SLDASM
2025-11-21 18:52:36,460 INFO  ExportHelperExtension.cs: 1148 - Proceeding through assembly components
2025-11-21 18:52:36,460 INFO  ExportHelperExtension.cs: 1160 - 16 components to check
2025-11-21 18:52:36,460 INFO  ExportHelperExtension.cs: 1125 - Retrieving features of type [CoordSys] from 3508减速机装配体ereal-3
2025-11-21 18:52:36,461 INFO  ExportHelperExtension.cs: 1136 - Found 100 in 3508减速机装配体ereal-3
2025-11-21 18:52:36,462 INFO  ExportHelperExtension.cs: 1145 - Found 0 features of type [CoordSys] in 3508减速机装配体ereal-3
2025-11-21 18:52:36,462 INFO  ExportHelperExtension.cs: 1125 - Retrieving features of type [CoordSys] from 3508减速机装配体ereal-4
2025-11-21 18:52:36,462 INFO  ExportHelperExtension.cs: 1136 - Found 100 in 3508减速机装配体ereal-4
2025-11-21 18:52:36,462 INFO  ExportHelperExtension.cs: 1145 - Found 0 features of type [CoordSys] in 3508减速机装配体ereal-4
2025-11-21 18:52:36,462 INFO  ExportHelperExtension.cs: 1125 - Retrieving features of type [CoordSys] from 抬升驱动^AAA总装-1
2025-11-21 18:52:36,463 INFO  ExportHelperExtension.cs: 1136 - Found 70 in 抬升驱动^AAA总装-1
2025-11-21 18:52:36,463 INFO  ExportHelperExtension.cs: 1145 - Found 0 features of type [CoordSys] in 抬升驱动^AAA总装-1
2025-11-21 18:52:36,463 INFO  ExportHelperExtension.cs: 1125 - Retrieving features of type [CoordSys] from 撑杆-14
2025-11-21 18:52:36,463 INFO  ExportHelperExtension.cs: 1136 - Found 49 in 撑杆-14
2025-11-21 18:52:36,463 INFO  ExportHelperExtension.cs: 1145 - Found 0 features of type [CoordSys] in 撑杆-14
2025-11-21 18:52:36,464 INFO  ExportHelperExtension.cs: 1125 - Retrieving features of type [CoordSys] from 3508减速机装配体ereal-1
2025-11-21 18:52:36,464 INFO  ExportHelperExtension.cs: 1136 - Found 100 in 3508减速机装配体ereal-1
2025-11-21 18:52:36,464 INFO  ExportHelperExtension.cs: 1145 - Found 0 features of type [CoordSys] in 3508减速机装配体ereal-1
2025-11-21 18:52:36,464 INFO  ExportHelperExtension.cs: 1125 - Retrieving features of type [CoordSys] from 整车框架^AAA总装-1
2025-11-21 18:52:36,465 INFO  ExportHelperExtension.cs: 1136 - Found 355 in 整车框架^AAA总装-1
2025-11-21 18:52:36,470 INFO  ExportHelperExtension.cs: 1145 - Found 0 features of type [CoordSys] in 整车框架^AAA总装-1
2025-11-21 18:52:36,470 INFO  ExportHelperExtension.cs: 1125 - Retrieving features of type [CoordSys] from 3508减速机装配体ereal-5
2025-11-21 18:52:36,471 INFO  ExportHelperExtension.cs: 1136 - Found 100 in 3508减速机装配体ereal-5
2025-11-21 18:52:36,472 INFO  ExportHelperExtension.cs: 1145 - Found 0 features of type [CoordSys] in 3508减速机装配体ereal-5
2025-11-21 18:52:36,472 INFO  ExportHelperExtension.cs: 1125 - Retrieving features of type [CoordSys] from 撑杆-1
2025-11-21 18:52:36,472 INFO  ExportHelperExtension.cs: 1136 - Found 49 in 撑杆-1
2025-11-21 18:52:36,472 INFO  ExportHelperExtension.cs: 1145 - Found 0 features of type [CoordSys] in 撑杆-1
2025-11-21 18:52:36,472 INFO  ExportHelperExtension.cs: 1125 - Retrieving features of type [CoordSys] from 撑杆-12
2025-11-21 18:52:36,472 INFO  ExportHelperExtension.cs: 1136 - Found 49 in 撑杆-12
2025-11-21 18:52:36,473 INFO  ExportHelperExtension.cs: 1145 - Found 0 features of type [CoordSys] in 撑杆-12
2025-11-21 18:52:36,473 INFO  ExportHelperExtension.cs: 1125 - Retrieving features of type [CoordSys] from 撑杆-13
2025-11-21 18:52:36,473 INFO  ExportHelperExtension.cs: 1136 - Found 49 in 撑杆-13
2025-11-21 18:52:36,473 INFO  ExportHelperExtension.cs: 1145 - Found 0 features of type [CoordSys] in 撑杆-13
2025-11-21 18:52:36,473 INFO  ExportHelperExtension.cs: 1125 - Retrieving features of type [CoordSys] from u8直驱舵轮-5
2025-11-21 18:52:36,473 INFO  ExportHelperExtension.cs: 1136 - Found 94 in u8直驱舵轮-5
2025-11-21 18:52:36,473 INFO  ExportHelperExtension.cs: 1145 - Found 0 features of type [CoordSys] in u8直驱舵轮-5
2025-11-21 18:52:36,474 INFO  ExportHelperExtension.cs: 1125 - Retrieving features of type [CoordSys] from u8直驱舵轮-3
2025-11-21 18:52:36,474 INFO  ExportHelperExtension.cs: 1136 - Found 94 in u8直驱舵轮-3
2025-11-21 18:52:36,474 INFO  ExportHelperExtension.cs: 1145 - Found 0 features of type [CoordSys] in u8直驱舵轮-3
2025-11-21 18:52:36,474 INFO  ExportHelperExtension.cs: 1125 - Retrieving features of type [CoordSys] from u8直驱舵轮-4
2025-11-21 18:52:36,474 INFO  ExportHelperExtension.cs: 1136 - Found 94 in u8直驱舵轮-4
2025-11-21 18:52:36,475 INFO  ExportHelperExtension.cs: 1145 - Found 0 features of type [CoordSys] in u8直驱舵轮-4
2025-11-21 18:52:36,475 INFO  ExportHelperExtension.cs: 1125 - Retrieving features of type [CoordSys] from u8直驱舵轮-1
2025-11-21 18:52:36,475 INFO  ExportHelperExtension.cs: 1136 - Found 94 in u8直驱舵轮-1
2025-11-21 18:52:36,475 INFO  ExportHelperExtension.cs: 1145 - Found 0 features of type [CoordSys] in u8直驱舵轮-1
2025-11-21 18:52:36,475 INFO  ExportHelperExtension.cs: 1125 - Retrieving features of type [RefAxis] from AAA总装.SLDASM
2025-11-21 18:52:36,475 INFO  ExportHelperExtension.cs: 1136 - Found 153 in AAA总装.SLDASM
2025-11-21 18:52:36,475 INFO  ExportHelperExtension.cs: 1145 - Found 14 features of type [RefAxis] in AAA总装.SLDASM
2025-11-21 18:52:36,477 INFO  ExportHelperExtension.cs: 1148 - Proceeding through assembly components
2025-11-21 18:52:36,477 INFO  ExportHelperExtension.cs: 1160 - 16 components to check
2025-11-21 18:52:36,477 INFO  ExportHelperExtension.cs: 1125 - Retrieving features of type [RefAxis] from 3508减速机装配体ereal-3
2025-11-21 18:52:36,477 INFO  ExportHelperExtension.cs: 1136 - Found 100 in 3508减速机装配体ereal-3
2025-11-21 18:52:36,477 INFO  ExportHelperExtension.cs: 1145 - Found 0 features of type [RefAxis] in 3508减速机装配体ereal-3
2025-11-21 18:52:36,477 INFO  ExportHelperExtension.cs: 1125 - Retrieving features of type [RefAxis] from 3508减速机装配体ereal-4
2025-11-21 18:52:36,478 INFO  ExportHelperExtension.cs: 1136 - Found 100 in 3508减速机装配体ereal-4
2025-11-21 18:52:36,478 INFO  ExportHelperExtension.cs: 1145 - Found 0 features of type [RefAxis] in 3508减速机装配体ereal-4
2025-11-21 18:52:36,478 INFO  ExportHelperExtension.cs: 1125 - Retrieving features of type [RefAxis] from 抬升驱动^AAA总装-1
2025-11-21 18:52:36,478 INFO  ExportHelperExtension.cs: 1136 - Found 70 in 抬升驱动^AAA总装-1
2025-11-21 18:52:36,478 INFO  ExportHelperExtension.cs: 1145 - Found 0 features of type [RefAxis] in 抬升驱动^AAA总装-1
2025-11-21 18:52:36,479 INFO  ExportHelperExtension.cs: 1125 - Retrieving features of type [RefAxis] from 撑杆-14
2025-11-21 18:52:36,479 INFO  ExportHelperExtension.cs: 1136 - Found 49 in 撑杆-14
2025-11-21 18:52:36,479 INFO  ExportHelperExtension.cs: 1145 - Found 0 features of type [RefAxis] in 撑杆-14
2025-11-21 18:52:36,479 INFO  ExportHelperExtension.cs: 1125 - Retrieving features of type [RefAxis] from 3508减速机装配体ereal-1
2025-11-21 18:52:36,479 INFO  ExportHelperExtension.cs: 1136 - Found 100 in 3508减速机装配体ereal-1
2025-11-21 18:52:36,479 INFO  ExportHelperExtension.cs: 1145 - Found 0 features of type [RefAxis] in 3508减速机装配体ereal-1
2025-11-21 18:52:36,479 INFO  ExportHelperExtension.cs: 1125 - Retrieving features of type [RefAxis] from 整车框架^AAA总装-1
2025-11-21 18:52:36,479 INFO  ExportHelperExtension.cs: 1136 - Found 355 in 整车框架^AAA总装-1
2025-11-21 18:52:36,480 INFO  ExportHelperExtension.cs: 1145 - Found 0 features of type [RefAxis] in 整车框架^AAA总装-1
2025-11-21 18:52:36,481 INFO  ExportHelperExtension.cs: 1125 - Retrieving features of type [RefAxis] from 3508减速机装配体ereal-5
2025-11-21 18:52:36,481 INFO  ExportHelperExtension.cs: 1136 - Found 100 in 3508减速机装配体ereal-5
2025-11-21 18:52:36,481 INFO  ExportHelperExtension.cs: 1145 - Found 0 features of type [RefAxis] in 3508减速机装配体ereal-5
2025-11-21 18:52:36,481 INFO  ExportHelperExtension.cs: 1125 - Retrieving features of type [RefAxis] from 撑杆-1
2025-11-21 18:52:36,481 INFO  ExportHelperExtension.cs: 1136 - Found 49 in 撑杆-1
2025-11-21 18:52:36,481 INFO  ExportHelperExtension.cs: 1145 - Found 0 features of type [RefAxis] in 撑杆-1
2025-11-21 18:52:36,482 INFO  ExportHelperExtension.cs: 1125 - Retrieving features of type [RefAxis] from 撑杆-12
2025-11-21 18:52:36,482 INFO  ExportHelperExtension.cs: 1136 - Found 49 in 撑杆-12
2025-11-21 18:52:36,482 INFO  ExportHelperExtension.cs: 1145 - Found 0 features of type [RefAxis] in 撑杆-12
2025-11-21 18:52:36,482 INFO  ExportHelperExtension.cs: 1125 - Retrieving features of type [RefAxis] from 撑杆-13
2025-11-21 18:52:36,482 INFO  ExportHelperExtension.cs: 1136 - Found 49 in 撑杆-13
2025-11-21 18:52:36,482 INFO  ExportHelperExtension.cs: 1145 - Found 0 features of type [RefAxis] in 撑杆-13
2025-11-21 18:52:36,483 INFO  ExportHelperExtension.cs: 1125 - Retrieving features of type [RefAxis] from u8直驱舵轮-5
2025-11-21 18:52:36,483 INFO  ExportHelperExtension.cs: 1136 - Found 94 in u8直驱舵轮-5
2025-11-21 18:52:36,483 INFO  ExportHelperExtension.cs: 1145 - Found 0 features of type [RefAxis] in u8直驱舵轮-5
2025-11-21 18:52:36,483 INFO  ExportHelperExtension.cs: 1125 - Retrieving features of type [RefAxis] from u8直驱舵轮-3
2025-11-21 18:52:36,483 INFO  ExportHelperExtension.cs: 1136 - Found 94 in u8直驱舵轮-3
2025-11-21 18:52:36,483 INFO  ExportHelperExtension.cs: 1145 - Found 0 features of type [RefAxis] in u8直驱舵轮-3
2025-11-21 18:52:36,484 INFO  ExportHelperExtension.cs: 1125 - Retrieving features of type [RefAxis] from u8直驱舵轮-4
2025-11-21 18:52:36,484 INFO  ExportHelperExtension.cs: 1136 - Found 94 in u8直驱舵轮-4
2025-11-21 18:52:36,484 INFO  ExportHelperExtension.cs: 1145 - Found 0 features of type [RefAxis] in u8直驱舵轮-4
2025-11-21 18:52:36,484 INFO  ExportHelperExtension.cs: 1125 - Retrieving features of type [RefAxis] from u8直驱舵轮-1
2025-11-21 18:52:36,484 INFO  ExportHelperExtension.cs: 1136 - Found 94 in u8直驱舵轮-1
2025-11-21 18:52:36,485 INFO  ExportHelperExtension.cs: 1145 - Found 0 features of type [RefAxis] in u8直驱舵轮-1
2025-11-21 18:52:36,765 INFO  SwAddin.cs: 339 - Loading config tree
2025-11-21 18:52:36,766 INFO  ExportPropertyManagerExtension.cs: 520 - Starting new configuration
2025-11-21 18:52:36,767 INFO  SwAddin.cs: 344 - Showing property manager
2025-11-21 18:52:47,913 INFO  ExportPropertyManager.cs: 1136 - OnNumberBoxTrackingCompleted called. This method no longer throws an Exception. It just silently does nothing. Ok, except for this logging message
2025-11-21 18:52:48,208 INFO  ExportPropertyManager.cs: 1136 - OnNumberBoxTrackingCompleted called. This method no longer throws an Exception. It just silently does nothing. Ok, except for this logging message
2025-11-21 18:52:48,476 INFO  ExportPropertyManager.cs: 1136 - OnNumberBoxTrackingCompleted called. This method no longer throws an Exception. It just silently does nothing. Ok, except for this logging message
2025-11-21 18:52:48,667 INFO  ExportPropertyManager.cs: 1136 - OnNumberBoxTrackingCompleted called. This method no longer throws an Exception. It just silently does nothing. Ok, except for this logging message
2025-11-21 18:52:48,862 INFO  ExportPropertyManager.cs: 1136 - OnNumberBoxTrackingCompleted called. This method no longer throws an Exception. It just silently does nothing. Ok, except for this logging message
2025-11-21 18:52:49,042 INFO  ExportPropertyManager.cs: 1136 - OnNumberBoxTrackingCompleted called. This method no longer throws an Exception. It just silently does nothing. Ok, except for this logging message
2025-11-21 18:52:49,268 INFO  ExportPropertyManager.cs: 1136 - OnNumberBoxTrackingCompleted called. This method no longer throws an Exception. It just silently does nothing. Ok, except for this logging message
2025-11-21 18:52:49,453 INFO  ExportPropertyManager.cs: 1136 - OnNumberBoxTrackingCompleted called. This method no longer throws an Exception. It just silently does nothing. Ok, except for this logging message
2025-11-21 18:52:52,427 INFO  ExportPropertyManager.cs: 1136 - OnNumberBoxTrackingCompleted called. This method no longer throws an Exception. It just silently does nothing. Ok, except for this logging message
2025-11-21 18:52:52,622 INFO  ExportPropertyManager.cs: 1136 - OnNumberBoxTrackingCompleted called. This method no longer throws an Exception. It just silently does nothing. Ok, except for this logging message
2025-11-21 18:53:01,630 INFO  ExportPropertyManager.cs: 1018 - OnComboboxSelectionChanged called. This method no longer throws an Exception. It just silently does nothing. Ok, except for this logging message
2025-11-21 19:40:59,233 INFO  ExportPropertyManager.cs: 1018 - OnComboboxSelectionChanged called. This method no longer throws an Exception. It just silently does nothing. Ok, except for this logging message
2025-11-21 19:41:10,032 INFO  ExportPropertyManager.cs: 1018 - OnComboboxSelectionChanged called. This method no longer throws an Exception. It just silently does nothing. Ok, except for this logging message
2025-11-21 19:41:12,923 INFO  ExportPropertyManager.cs: 1018 - OnComboboxSelectionChanged called. This method no longer throws an Exception. It just silently does nothing. Ok, except for this logging message
2025-11-21 19:42:08,147 INFO  ExportPropertyManager.cs: 1018 - OnComboboxSelectionChanged called. This method no longer throws an Exception. It just silently does nothing. Ok, except for this logging message
2025-11-21 19:42:17,881 INFO  ExportPropertyManager.cs: 1018 - OnComboboxSelectionChanged called. This method no longer throws an Exception. It just silently does nothing. Ok, except for this logging message
2025-11-21 19:42:23,211 INFO  ExportPropertyManager.cs: 1018 - OnComboboxSelectionChanged called. This method no longer throws an Exception. It just silently does nothing. Ok, except for this logging message
2025-11-21 19:42:53,121 INFO  ExportPropertyManager.cs: 1018 - OnComboboxSelectionChanged called. This method no longer throws an Exception. It just silently does nothing. Ok, except for this logging message
2025-11-21 19:43:00,503 INFO  ExportPropertyManager.cs: 1018 - OnComboboxSelectionChanged called. This method no longer throws an Exception. It just silently does nothing. Ok, except for this logging message
2025-11-21 19:43:05,289 INFO  ExportPropertyManager.cs: 1018 - OnComboboxSelectionChanged called. This method no longer throws an Exception. It just silently does nothing. Ok, except for this logging message
2025-11-21 19:43:07,787 INFO  ExportPropertyManager.cs: 1018 - OnComboboxSelectionChanged called. This method no longer throws an Exception. It just silently does nothing. Ok, except for this logging message
2025-11-21 19:43:40,116 INFO  ExportPropertyManager.cs: 1018 - OnComboboxSelectionChanged called. This method no longer throws an Exception. It just silently does nothing. Ok, except for this logging message
2025-11-21 19:43:46,740 INFO  ExportPropertyManager.cs: 1018 - OnComboboxSelectionChanged called. This method no longer throws an Exception. It just silently does nothing. Ok, except for this logging message
2025-11-21 19:43:49,656 INFO  ExportPropertyManager.cs: 1018 - OnComboboxSelectionChanged called. This method no longer throws an Exception. It just silently does nothing. Ok, except for this logging message
2025-11-21 19:44:01,381 INFO  ExportPropertyManager.cs: 1018 - OnComboboxSelectionChanged called. This method no longer throws an Exception. It just silently does nothing. Ok, except for this logging message
2025-11-21 19:44:04,414 INFO  ExportPropertyManager.cs: 1018 - OnComboboxSelectionChanged called. This method no longer throws an Exception. It just silently does nothing. Ok, except for this logging message
2025-11-21 19:44:07,093 INFO  ExportPropertyManager.cs: 1018 - OnComboboxSelectionChanged called. This method no longer throws an Exception. It just silently does nothing. Ok, except for this logging message
2025-11-21 19:44:11,610 INFO  ExportPropertyManager.cs: 1018 - OnComboboxSelectionChanged called. This method no longer throws an Exception. It just silently does nothing. Ok, except for this logging message
2025-11-21 19:44:15,125 INFO  ExportPropertyManager.cs: 1018 - OnComboboxSelectionChanged called. This method no longer throws an Exception. It just silently does nothing. Ok, except for this logging message
2025-11-21 19:44:18,170 INFO  ExportPropertyManager.cs: 1018 - OnComboboxSelectionChanged called. This method no longer throws an Exception. It just silently does nothing. Ok, except for this logging message
2025-11-21 19:44:52,413 INFO  ExportPropertyManager.cs: 1018 - OnComboboxSelectionChanged called. This method no longer throws an Exception. It just silently does nothing. Ok, except for this logging message
2025-11-21 19:44:59,192 INFO  ExportPropertyManager.cs: 1018 - OnComboboxSelectionChanged called. This method no longer throws an Exception. It just silently does nothing. Ok, except for this logging message
2025-11-21 19:45:29,305 INFO  ExportPropertyManager.cs: 1136 - OnNumberBoxTrackingCompleted called. This method no longer throws an Exception. It just silently does nothing. Ok, except for this logging message
2025-11-21 19:45:31,874 INFO  ExportPropertyManager.cs: 1036 - OnListboxSelectionChanged called. This method no longer throws an Exception. It just silently does nothing. Ok, except for this logging message
2025-11-21 19:45:56,703 INFO  ExportPropertyManager.cs: 1018 - OnComboboxSelectionChanged called. This method no longer throws an Exception. It just silently does nothing. Ok, except for this logging message
2025-11-21 19:46:03,114 INFO  ExportPropertyManager.cs: 1018 - OnComboboxSelectionChanged called. This method no longer throws an Exception. It just silently does nothing. Ok, except for this logging message
2025-11-21 19:46:19,984 INFO  ExportPropertyManager.cs: 1136 - OnNumberBoxTrackingCompleted called. This method no longer throws an Exception. It just silently does nothing. Ok, except for this logging message
2025-11-21 19:46:23,626 INFO  ExportPropertyManager.cs: 1136 - OnNumberBoxTrackingCompleted called. This method no longer throws an Exception. It just silently does nothing. Ok, except for this logging message
2025-11-21 19:46:25,943 INFO  ExportPropertyManager.cs: 1136 - OnNumberBoxTrackingCompleted called. This method no longer throws an Exception. It just silently does nothing. Ok, except for this logging message
2025-11-21 19:47:51,345 INFO  ExportPropertyManager.cs: 1018 - OnComboboxSelectionChanged called. This method no longer throws an Exception. It just silently does nothing. Ok, except for this logging message
2025-11-21 19:48:09,091 INFO  ExportPropertyManager.cs: 1018 - OnComboboxSelectionChanged called. This method no longer throws an Exception. It just silently does nothing. Ok, except for this logging message
2025-11-21 19:48:16,064 INFO  ExportPropertyManager.cs: 1018 - OnComboboxSelectionChanged called. This method no longer throws an Exception. It just silently does nothing. Ok, except for this logging message
2025-11-21 19:48:56,901 INFO  ExportPropertyManager.cs: 1018 - OnComboboxSelectionChanged called. This method no longer throws an Exception. It just silently does nothing. Ok, except for this logging message
2025-11-21 19:48:58,415 INFO  ExportPropertyManager.cs: 1018 - OnComboboxSelectionChanged called. This method no longer throws an Exception. It just silently does nothing. Ok, except for this logging message
2025-11-21 19:51:44,526 INFO  ExportPropertyManager.cs: 1018 - OnComboboxSelectionChanged called. This method no longer throws an Exception. It just silently does nothing. Ok, except for this logging message
2025-11-21 19:51:48,528 INFO  ExportPropertyManager.cs: 1018 - OnComboboxSelectionChanged called. This method no longer throws an Exception. It just silently does nothing. Ok, except for this logging message
2025-11-21 19:52:30,200 INFO  ExportPropertyManager.cs: 1018 - OnComboboxSelectionChanged called. This method no longer throws an Exception. It just silently does nothing. Ok, except for this logging message
2025-11-21 19:52:31,751 INFO  ExportPropertyManager.cs: 1018 - OnComboboxSelectionChanged called. This method no longer throws an Exception. It just silently does nothing. Ok, except for this logging message
2025-11-21 19:54:01,674 INFO  ExportPropertyManager.cs: 1018 - OnComboboxSelectionChanged called. This method no longer throws an Exception. It just silently does nothing. Ok, except for this logging message
2025-11-21 19:55:53,735 INFO  ExportPropertyManager.cs: 1018 - OnComboboxSelectionChanged called. This method no longer throws an Exception. It just silently does nothing. Ok, except for this logging message
2025-11-21 19:55:59,283 INFO  ExportPropertyManager.cs: 1018 - OnComboboxSelectionChanged called. This method no longer throws an Exception. It just silently does nothing. Ok, except for this logging message
2025-11-21 19:56:42,498 INFO  ExportPropertyManager.cs: 1018 - OnComboboxSelectionChanged called. This method no longer throws an Exception. It just silently does nothing. Ok, except for this logging message
2025-11-21 19:56:56,491 INFO  ExportPropertyManager.cs: 1018 - OnComboboxSelectionChanged called. This method no longer throws an Exception. It just silently does nothing. Ok, except for this logging message
2025-11-21 19:57:00,663 INFO  ExportPropertyManager.cs: 1018 - OnComboboxSelectionChanged called. This method no longer throws an Exception. It just silently does nothing. Ok, except for this logging message
2025-11-21 19:57:32,285 INFO  ExportPropertyManager.cs: 1018 - OnComboboxSelectionChanged called. This method no longer throws an Exception. It just silently does nothing. Ok, except for this logging message
2025-11-21 19:57:36,967 INFO  ExportPropertyManager.cs: 1018 - OnComboboxSelectionChanged called. This method no longer throws an Exception. It just silently does nothing. Ok, except for this logging message
2025-11-21 19:57:38,934 INFO  ExportPropertyManager.cs: 1018 - OnComboboxSelectionChanged called. This method no longer throws an Exception. It just silently does nothing. Ok, except for this logging message
2025-11-21 19:57:57,343 INFO  ExportPropertyManager.cs: 1018 - OnComboboxSelectionChanged called. This method no longer throws an Exception. It just silently does nothing. Ok, except for this logging message
2025-11-21 19:58:01,460 INFO  ExportPropertyManager.cs: 1018 - OnComboboxSelectionChanged called. This method no longer throws an Exception. It just silently does nothing. Ok, except for this logging message
2025-11-21 19:58:03,437 INFO  ExportPropertyManager.cs: 1018 - OnComboboxSelectionChanged called. This method no longer throws an Exception. It just silently does nothing. Ok, except for this logging message
2025-11-21 19:58:48,019 INFO  ExportPropertyManager.cs: 1036 - OnListboxSelectionChanged called. This method no longer throws an Exception. It just silently does nothing. Ok, except for this logging message
2025-11-21 19:59:06,347 INFO  ExportPropertyManager.cs: 1036 - OnListboxSelectionChanged called. This method no longer throws an Exception. It just silently does nothing. Ok, except for this logging message
2025-11-21 19:59:09,333 INFO  ExportPropertyManager.cs: 1036 - OnListboxSelectionChanged called. This method no longer throws an Exception. It just silently does nothing. Ok, except for this logging message
2025-11-21 20:03:58,645 INFO  ExportPropertyManager.cs: 1036 - OnListboxSelectionChanged called. This method no longer throws an Exception. It just silently does nothing. Ok, except for this logging message
2025-11-21 20:03:59,497 INFO  ExportPropertyManager.cs: 1036 - OnListboxSelectionChanged called. This method no longer throws an Exception. It just silently does nothing. Ok, except for this logging message
2025-11-21 20:04:00,003 INFO  ExportPropertyManager.cs: 1036 - OnListboxSelectionChanged called. This method no longer throws an Exception. It just silently does nothing. Ok, except for this logging message
2025-11-21 20:04:00,330 INFO  ExportPropertyManager.cs: 1036 - OnListboxSelectionChanged called. This method no longer throws an Exception. It just silently does nothing. Ok, except for this logging message
2025-11-21 20:04:01,043 INFO  ExportPropertyManager.cs: 1036 - OnListboxSelectionChanged called. This method no longer throws an Exception. It just silently does nothing. Ok, except for this logging message
2025-11-21 20:09:06,833 INFO  ExportPropertyManager.cs: 1036 - OnListboxSelectionChanged called. This method no longer throws an Exception. It just silently does nothing. Ok, except for this logging message
2025-11-21 20:13:33,399 INFO  ExportPropertyManager.cs: 422 - Configuration saved
2025-11-21 20:13:41,474 INFO  ExportHelperExtension.cs: 347 - Creating joint L_F_wheel_Link
2025-11-21 20:13:41,816 WARN  ExportHelperExtension.cs: 351 - Creating joint from parent base_link to child L_F_wheel_Link failed
2025-11-21 20:13:41,822 INFO  ExportHelperExtension.cs: 347 - Creating joint L_B_wheel_Link
2025-11-21 20:13:41,961 WARN  ExportHelperExtension.cs: 351 - Creating joint from parent base_link to child L_B_wheel_Link failed
2025-11-21 20:13:41,967 INFO  ExportHelperExtension.cs: 347 - Creating joint R_F_wheel_Link
2025-11-21 20:13:42,086 WARN  ExportHelperExtension.cs: 351 - Creating joint from parent base_link to child R_F_wheel_Link failed
2025-11-21 20:13:42,090 INFO  ExportHelperExtension.cs: 347 - Creating joint R_B_wheel_Link
2025-11-21 20:13:42,211 WARN  ExportHelperExtension.cs: 351 - Creating joint from parent base_link to child R_B_wheel_Link failed
2025-11-21 20:13:42,439 INFO  ExportHelperExtension.cs: 347 - Creating joint L_F_ST_Link
2025-11-21 20:13:42,583 WARN  ExportHelperExtension.cs: 351 - Creating joint from parent base_link to child L_F_ST_Link failed
2025-11-21 20:13:42,593 INFO  ExportHelperExtension.cs: 347 - Creating joint L_F_S_wheel_Link
2025-11-21 20:13:42,728 WARN  ExportHelperExtension.cs: 351 - Creating joint from parent L_F_ST_Link to child L_F_S_wheel_Link failed
2025-11-21 20:13:42,730 INFO  ExportHelperExtension.cs: 347 - Creating joint L_B_ST_Link
2025-11-21 20:13:42,850 WARN  ExportHelperExtension.cs: 351 - Creating joint from parent base_link to child L_B_ST_Link failed
2025-11-21 20:13:42,860 INFO  ExportHelperExtension.cs: 347 - Creating joint L_B_S_wheel_Link
2025-11-21 20:13:42,961 WARN  ExportHelperExtension.cs: 351 - Creating joint from parent L_B_ST_Link to child L_B_S_wheel_Link failed
2025-11-21 20:13:42,963 INFO  ExportHelperExtension.cs: 347 - Creating joint R_F_ST_Link
2025-11-21 20:13:43,069 WARN  ExportHelperExtension.cs: 351 - Creating joint from parent base_link to child R_F_ST_Link failed
2025-11-21 20:13:43,079 INFO  ExportHelperExtension.cs: 347 - Creating joint R_F_S_wheel_Link
2025-11-21 20:13:43,178 WARN  ExportHelperExtension.cs: 351 - Creating joint from parent R_F_ST_Link to child R_F_S_wheel_Link failed
2025-11-21 20:13:43,182 INFO  ExportHelperExtension.cs: 347 - Creating joint R_B_ST_Link
2025-11-21 20:13:43,289 WARN  ExportHelperExtension.cs: 351 - Creating joint from parent base_link to child R_B_ST_Link failed
2025-11-21 20:13:43,299 INFO  ExportHelperExtension.cs: 347 - Creating joint R_B_S_wheel_Link
2025-11-21 20:13:43,412 WARN  ExportHelperExtension.cs: 351 - Creating joint from parent R_B_ST_Link to child R_B_S_wheel_Link failed
2025-11-21 20:13:43,415 INFO  ExportHelperExtension.cs: 347 - Creating joint most_L_F_wheel_Link
2025-11-21 20:13:43,522 WARN  ExportHelperExtension.cs: 351 - Creating joint from parent base_link to child most_L_F_wheel_Link failed
2025-11-21 20:13:43,523 INFO  ExportHelperExtension.cs: 347 - Creating joint most_R_F_wheel_Link
2025-11-21 20:13:43,630 WARN  ExportHelperExtension.cs: 351 - Creating joint from parent base_link to child most_R_F_wheel_Link failed
2025-11-21 20:13:43,772 INFO  ExportHelperExtension.cs: 1125 - Retrieving features of type [CoordSys] from AAA总装.SLDASM
2025-11-21 20:13:43,777 INFO  ExportHelperExtension.cs: 1136 - Found 154 in AAA总装.SLDASM
2025-11-21 20:13:43,778 INFO  ExportHelperExtension.cs: 1145 - Found 15 features of type [CoordSys] in AAA总装.SLDASM
2025-11-21 20:13:43,778 INFO  ExportHelperExtension.cs: 1148 - Proceeding through assembly components
2025-11-21 20:13:43,778 INFO  ExportHelperExtension.cs: 1160 - 16 components to check
2025-11-21 20:13:43,778 INFO  ExportHelperExtension.cs: 1125 - Retrieving features of type [CoordSys] from 3508减速机装配体ereal-3
2025-11-21 20:13:43,778 INFO  ExportHelperExtension.cs: 1136 - Found 100 in 3508减速机装配体ereal-3
2025-11-21 20:13:43,778 INFO  ExportHelperExtension.cs: 1145 - Found 0 features of type [CoordSys] in 3508减速机装配体ereal-3
2025-11-21 20:13:43,778 INFO  ExportHelperExtension.cs: 1125 - Retrieving features of type [CoordSys] from 3508减速机装配体ereal-4
2025-11-21 20:13:43,779 INFO  ExportHelperExtension.cs: 1136 - Found 100 in 3508减速机装配体ereal-4
2025-11-21 20:13:43,779 INFO  ExportHelperExtension.cs: 1145 - Found 0 features of type [CoordSys] in 3508减速机装配体ereal-4
2025-11-21 20:13:43,779 INFO  ExportHelperExtension.cs: 1125 - Retrieving features of type [CoordSys] from 抬升驱动^AAA总装-1
2025-11-21 20:13:43,779 INFO  ExportHelperExtension.cs: 1136 - Found 70 in 抬升驱动^AAA总装-1
2025-11-21 20:13:43,780 INFO  ExportHelperExtension.cs: 1145 - Found 0 features of type [CoordSys] in 抬升驱动^AAA总装-1
2025-11-21 20:13:43,780 INFO  ExportHelperExtension.cs: 1125 - Retrieving features of type [CoordSys] from 撑杆-14
2025-11-21 20:13:43,780 INFO  ExportHelperExtension.cs: 1136 - Found 49 in 撑杆-14
2025-11-21 20:13:43,780 INFO  ExportHelperExtension.cs: 1145 - Found 0 features of type [CoordSys] in 撑杆-14
2025-11-21 20:13:43,780 INFO  ExportHelperExtension.cs: 1125 - Retrieving features of type [CoordSys] from 3508减速机装配体ereal-1
2025-11-21 20:13:43,780 INFO  ExportHelperExtension.cs: 1136 - Found 100 in 3508减速机装配体ereal-1
2025-11-21 20:13:43,781 INFO  ExportHelperExtension.cs: 1145 - Found 0 features of type [CoordSys] in 3508减速机装配体ereal-1
2025-11-21 20:13:43,781 INFO  ExportHelperExtension.cs: 1125 - Retrieving features of type [CoordSys] from 整车框架^AAA总装-1
2025-11-21 20:13:43,781 INFO  ExportHelperExtension.cs: 1136 - Found 355 in 整车框架^AAA总装-1
2025-11-21 20:13:43,782 INFO  ExportHelperExtension.cs: 1145 - Found 0 features of type [CoordSys] in 整车框架^AAA总装-1
2025-11-21 20:13:43,782 INFO  ExportHelperExtension.cs: 1125 - Retrieving features of type [CoordSys] from 3508减速机装配体ereal-5
2025-11-21 20:13:43,782 INFO  ExportHelperExtension.cs: 1136 - Found 100 in 3508减速机装配体ereal-5
2025-11-21 20:13:43,783 INFO  ExportHelperExtension.cs: 1145 - Found 0 features of type [CoordSys] in 3508减速机装配体ereal-5
2025-11-21 20:13:43,783 INFO  ExportHelperExtension.cs: 1125 - Retrieving features of type [CoordSys] from 撑杆-1
2025-11-21 20:13:43,783 INFO  ExportHelperExtension.cs: 1136 - Found 49 in 撑杆-1
2025-11-21 20:13:43,783 INFO  ExportHelperExtension.cs: 1145 - Found 0 features of type [CoordSys] in 撑杆-1
2025-11-21 20:13:43,783 INFO  ExportHelperExtension.cs: 1125 - Retrieving features of type [CoordSys] from 撑杆-12
2025-11-21 20:13:43,784 INFO  ExportHelperExtension.cs: 1136 - Found 49 in 撑杆-12
2025-11-21 20:13:43,784 INFO  ExportHelperExtension.cs: 1145 - Found 0 features of type [CoordSys] in 撑杆-12
2025-11-21 20:13:43,784 INFO  ExportHelperExtension.cs: 1125 - Retrieving features of type [CoordSys] from 撑杆-13
2025-11-21 20:13:43,785 INFO  ExportHelperExtension.cs: 1136 - Found 49 in 撑杆-13
2025-11-21 20:13:43,785 INFO  ExportHelperExtension.cs: 1145 - Found 0 features of type [CoordSys] in 撑杆-13
2025-11-21 20:13:43,785 INFO  ExportHelperExtension.cs: 1125 - Retrieving features of type [CoordSys] from u8直驱舵轮-5
2025-11-21 20:13:43,785 INFO  ExportHelperExtension.cs: 1136 - Found 94 in u8直驱舵轮-5
2025-11-21 20:13:43,785 INFO  ExportHelperExtension.cs: 1145 - Found 0 features of type [CoordSys] in u8直驱舵轮-5
2025-11-21 20:13:43,786 INFO  ExportHelperExtension.cs: 1125 - Retrieving features of type [CoordSys] from u8直驱舵轮-3
2025-11-21 20:13:43,786 INFO  ExportHelperExtension.cs: 1136 - Found 94 in u8直驱舵轮-3
2025-11-21 20:13:43,786 INFO  ExportHelperExtension.cs: 1145 - Found 0 features of type [CoordSys] in u8直驱舵轮-3
2025-11-21 20:13:43,786 INFO  ExportHelperExtension.cs: 1125 - Retrieving features of type [CoordSys] from u8直驱舵轮-4
2025-11-21 20:13:43,786 INFO  ExportHelperExtension.cs: 1136 - Found 94 in u8直驱舵轮-4
2025-11-21 20:13:43,787 INFO  ExportHelperExtension.cs: 1145 - Found 0 features of type [CoordSys] in u8直驱舵轮-4
2025-11-21 20:13:43,787 INFO  ExportHelperExtension.cs: 1125 - Retrieving features of type [CoordSys] from u8直驱舵轮-1
2025-11-21 20:13:43,787 INFO  ExportHelperExtension.cs: 1136 - Found 94 in u8直驱舵轮-1
2025-11-21 20:13:43,787 INFO  ExportHelperExtension.cs: 1145 - Found 0 features of type [CoordSys] in u8直驱舵轮-1
2025-11-21 20:13:43,787 INFO  ExportHelperExtension.cs: 1125 - Retrieving features of type [RefAxis] from AAA总装.SLDASM
2025-11-21 20:13:43,788 INFO  ExportHelperExtension.cs: 1136 - Found 154 in AAA总装.SLDASM
2025-11-21 20:13:43,788 INFO  ExportHelperExtension.cs: 1145 - Found 14 features of type [RefAxis] in AAA总装.SLDASM
2025-11-21 20:13:43,788 INFO  ExportHelperExtension.cs: 1148 - Proceeding through assembly components
2025-11-21 20:13:43,788 INFO  ExportHelperExtension.cs: 1160 - 16 components to check
2025-11-21 20:13:43,788 INFO  ExportHelperExtension.cs: 1125 - Retrieving features of type [RefAxis] from 3508减速机装配体ereal-3
2025-11-21 20:13:43,788 INFO  ExportHelperExtension.cs: 1136 - Found 100 in 3508减速机装配体ereal-3
2025-11-21 20:13:43,791 INFO  ExportHelperExtension.cs: 1145 - Found 0 features of type [RefAxis] in 3508减速机装配体ereal-3
2025-11-21 20:13:43,791 INFO  ExportHelperExtension.cs: 1125 - Retrieving features of type [RefAxis] from 3508减速机装配体ereal-4
2025-11-21 20:13:43,792 INFO  ExportHelperExtension.cs: 1136 - Found 100 in 3508减速机装配体ereal-4
2025-11-21 20:13:43,792 INFO  ExportHelperExtension.cs: 1145 - Found 0 features of type [RefAxis] in 3508减速机装配体ereal-4
2025-11-21 20:13:43,792 INFO  ExportHelperExtension.cs: 1125 - Retrieving features of type [RefAxis] from 抬升驱动^AAA总装-1
2025-11-21 20:13:43,792 INFO  ExportHelperExtension.cs: 1136 - Found 70 in 抬升驱动^AAA总装-1
2025-11-21 20:13:43,793 INFO  ExportHelperExtension.cs: 1145 - Found 0 features of type [RefAxis] in 抬升驱动^AAA总装-1
2025-11-21 20:13:43,793 INFO  ExportHelperExtension.cs: 1125 - Retrieving features of type [RefAxis] from 撑杆-14
2025-11-21 20:13:43,793 INFO  ExportHelperExtension.cs: 1136 - Found 49 in 撑杆-14
2025-11-21 20:13:43,793 INFO  ExportHelperExtension.cs: 1145 - Found 0 features of type [RefAxis] in 撑杆-14
2025-11-21 20:13:43,793 INFO  ExportHelperExtension.cs: 1125 - Retrieving features of type [RefAxis] from 3508减速机装配体ereal-1
2025-11-21 20:13:43,794 INFO  ExportHelperExtension.cs: 1136 - Found 100 in 3508减速机装配体ereal-1
2025-11-21 20:13:43,794 INFO  ExportHelperExtension.cs: 1145 - Found 0 features of type [RefAxis] in 3508减速机装配体ereal-1
2025-11-21 20:13:43,794 INFO  ExportHelperExtension.cs: 1125 - Retrieving features of type [RefAxis] from 整车框架^AAA总装-1
2025-11-21 20:13:43,795 INFO  ExportHelperExtension.cs: 1136 - Found 355 in 整车框架^AAA总装-1
2025-11-21 20:13:43,796 INFO  ExportHelperExtension.cs: 1145 - Found 0 features of type [RefAxis] in 整车框架^AAA总装-1
2025-11-21 20:13:43,796 INFO  ExportHelperExtension.cs: 1125 - Retrieving features of type [RefAxis] from 3508减速机装配体ereal-5
2025-11-21 20:13:43,796 INFO  ExportHelperExtension.cs: 1136 - Found 100 in 3508减速机装配体ereal-5
2025-11-21 20:13:43,797 INFO  ExportHelperExtension.cs: 1145 - Found 0 features of type [RefAxis] in 3508减速机装配体ereal-5
2025-11-21 20:13:43,797 INFO  ExportHelperExtension.cs: 1125 - Retrieving features of type [RefAxis] from 撑杆-1
2025-11-21 20:13:43,797 INFO  ExportHelperExtension.cs: 1136 - Found 49 in 撑杆-1
2025-11-21 20:13:43,797 INFO  ExportHelperExtension.cs: 1145 - Found 0 features of type [RefAxis] in 撑杆-1
2025-11-21 20:13:43,797 INFO  ExportHelperExtension.cs: 1125 - Retrieving features of type [RefAxis] from 撑杆-12
2025-11-21 20:13:43,797 INFO  ExportHelperExtension.cs: 1136 - Found 49 in 撑杆-12
2025-11-21 20:13:43,798 INFO  ExportHelperExtension.cs: 1145 - Found 0 features of type [RefAxis] in 撑杆-12
2025-11-21 20:13:43,798 INFO  ExportHelperExtension.cs: 1125 - Retrieving features of type [RefAxis] from 撑杆-13
2025-11-21 20:13:43,798 INFO  ExportHelperExtension.cs: 1136 - Found 49 in 撑杆-13
2025-11-21 20:13:43,798 INFO  ExportHelperExtension.cs: 1145 - Found 0 features of type [RefAxis] in 撑杆-13
2025-11-21 20:13:43,798 INFO  ExportHelperExtension.cs: 1125 - Retrieving features of type [RefAxis] from u8直驱舵轮-5
2025-11-21 20:13:43,798 INFO  ExportHelperExtension.cs: 1136 - Found 94 in u8直驱舵轮-5
2025-11-21 20:13:43,800 INFO  ExportHelperExtension.cs: 1145 - Found 0 features of type [RefAxis] in u8直驱舵轮-5
2025-11-21 20:13:43,800 INFO  ExportHelperExtension.cs: 1125 - Retrieving features of type [RefAxis] from u8直驱舵轮-3
2025-11-21 20:13:43,800 INFO  ExportHelperExtension.cs: 1136 - Found 94 in u8直驱舵轮-3
2025-11-21 20:13:43,801 INFO  ExportHelperExtension.cs: 1145 - Found 0 features of type [RefAxis] in u8直驱舵轮-3
2025-11-21 20:13:43,801 INFO  ExportHelperExtension.cs: 1125 - Retrieving features of type [RefAxis] from u8直驱舵轮-4
2025-11-21 20:13:43,801 INFO  ExportHelperExtension.cs: 1136 - Found 94 in u8直驱舵轮-4
2025-11-21 20:13:43,801 INFO  ExportHelperExtension.cs: 1145 - Found 0 features of type [RefAxis] in u8直驱舵轮-4
2025-11-21 20:13:43,802 INFO  ExportHelperExtension.cs: 1125 - Retrieving features of type [RefAxis] from u8直驱舵轮-1
2025-11-21 20:13:43,802 INFO  ExportHelperExtension.cs: 1136 - Found 94 in u8直驱舵轮-1
2025-11-21 20:13:43,802 INFO  ExportHelperExtension.cs: 1145 - Found 0 features of type [RefAxis] in u8直驱舵轮-1
2025-11-21 20:13:43,871 INFO  ExportPropertyManager.cs: 1142 - AfterClose called. This method no longer throws an Exception. It just silently does nothing. Ok, except for this logging message
2025-11-21 20:14:37,369 INFO  AssemblyExportForm.cs: 253 - Completing URDF export
2025-11-21 20:14:37,386 INFO  ConfigurationSerialization.cs: 276 - URDF Configuration found
<Link z:Id="i1" xmlns="http://schemas.datacontract.org/2004/07/SW2URDF" xmlns:i="http://www.w3.org/2001/XMLSchema-instance" xmlns:z="http://schemas.microsoft.com/2003/10/Serialization/"><Attributes><Attribute z:Id="i2"><AttributeType>name</AttributeType><IsRequired>true</IsRequired><Value i:type="a:string" xmlns:a="http://www.w3.org/2001/XMLSchema">base_link</Value></Attribute></Attributes><ChildElements><URDFElement z:Id="i3" i:type="Inertial"><Attributes/><ChildElements><URDFElement z:Id="i4" i:type="Origin"><Attributes><Attribute z:Id="i5"><AttributeType>xyz</AttributeType><IsRequired>true</IsRequired><Value i:type="a:ArrayOfdouble" xmlns:a="http://schemas.microsoft.com/2003/10/Serialization/Arrays"><a:double>0</a:double><a:double>0</a:double><a:double>0</a:double></Value></Attribute><Attribute z:Id="i6"><AttributeType>rpy</AttributeType><IsRequired>true</IsRequired><Value i:type="a:ArrayOfdouble" xmlns:a="http://schemas.microsoft.com/2003/10/Serialization/Arrays"><a:double>0</a:double><a:double>0</a:double><a:double>0</a:double></Value></Attribute></Attributes><ChildElements/><ElementName>origin</ElementName><required>false</required><RPYAttribute z:Ref="i6"/><XYZAttribute z:Ref="i5"/><isCustomized>false</isCustomized></URDFElement><URDFElement z:Id="i7" i:type="Mass"><Attributes><Attribute z:Id="i8"><AttributeType>value</AttributeType><IsRequired>true</IsRequired><Value i:type="a:double" xmlns:a="http://www.w3.org/2001/XMLSchema">0</Value></Attribute></Attributes><ChildElements/><ElementName>mass</ElementName><required>false</required><ValueAttribute z:Ref="i8"/></URDFElement><URDFElement z:Id="i9" i:type="Inertia"><Attributes><Attribute z:Id="i10"><AttributeType>ixx</AttributeType><IsRequired>true</IsRequired><Value i:type="a:double" xmlns:a="http://www.w3.org/2001/XMLSchema">0</Value></Attribute><Attribute z:Id="i11"><AttributeType>ixy</AttributeType><IsRequired>true</IsRequired><Value i:type="a:double" xmlns:a="http://www.w3.org/2001/XMLSchema">0</Value></Attribute><Attribute z:Id="i12"><AttributeType>ixz</AttributeType><IsRequired>true</IsRequired><Value i:type="a:double" xmlns:a="http://www.w3.org/2001/XMLSchema">0</Value></Attribute><Attribute z:Id="i13"><AttributeType>iyy</AttributeType><IsRequired>true</IsRequired><Value i:type="a:double" xmlns:a="http://www.w3.org/2001/XMLSchema">0</Value></Attribute><Attribute z:Id="i14"><AttributeType>iyz</AttributeType><IsRequired>true</IsRequired><Value i:type="a:double" xmlns:a="http://www.w3.org/2001/XMLSchema">0</Value></Attribute><Attribute z:Id="i15"><AttributeType>izz</AttributeType><IsRequired>true</IsRequired><Value i:type="a:double" xmlns:a="http://www.w3.org/2001/XMLSchema">0</Value></Attribute></Attributes><ChildElements/><ElementName>inertia</ElementName><required>false</required><IxxAttribute z:Ref="i10"/><IxyAttribute z:Ref="i11"/><IxzAttribute z:Ref="i12"/><IyyAttribute z:Ref="i13"/><IyzAttribute z:Ref="i14"/><IzzAttribute z:Ref="i15"/></URDFElement></ChildElements><ElementName>inertial</ElementName><required>false</required><Inertia z:Ref="i9"/><Mass z:Ref="i7"/><Origin z:Ref="i4"/></URDFElement><URDFElement z:Id="i16" i:type="Visual"><Attributes/><ChildElements><URDFElement z:Id="i17" i:type="Origin"><Attributes><Attribute z:Id="i18"><AttributeType>xyz</AttributeType><IsRequired>true</IsRequired><Value i:type="a:ArrayOfdouble" xmlns:a="http://schemas.microsoft.com/2003/10/Serialization/Arrays"><a:double>0</a:double><a:double>0</a:double><a:double>0</a:double></Value></Attribute><Attribute z:Id="i19"><AttributeType>rpy</AttributeType><IsRequired>true</IsRequired><Value i:type="a:ArrayOfdouble" xmlns:a="http://schemas.microsoft.com/2003/10/Serialization/Arrays"><a:double>0</a:double><a:double>0</a:double><a:double>0</a:double></Value></Attribute></Attributes><ChildElements/><ElementName>origin</ElementName><required>false</required><RPYAttribute z:Ref="i19"/><XYZAttribute z:Ref="i18"/><isCustomized>false</isCustomized></URDFElement><URDFElement z:Id="i20" i:type="Geometry"><Attributes/><ChildElements><URDFElement z:Id="i21" i:type="Mesh"><Attributes><Attribute z:Id="i22"><AttributeType>filename</AttributeType><IsRequired>true</IsRequired><Value i:nil="true"/></Attribute></Attributes><ChildElements/><ElementName>mesh</ElementName><required>false</required><FilenameAttribute z:Ref="i22"/></URDFElement></ChildElements><ElementName>geometry</ElementName><required>true</required><Mesh z:Ref="i21"/></URDFElement><URDFElement z:Id="i23" i:type="Material"><Attributes><Attribute z:Id="i24"><AttributeType>name</AttributeType><IsRequired>true</IsRequired><Value i:type="a:string" xmlns:a="http://www.w3.org/2001/XMLSchema"/></Attribute></Attributes><ChildElements><URDFElement z:Id="i25" i:type="Color"><Attributes><Attribute z:Id="i26"><AttributeType>rgba</AttributeType><IsRequired>true</IsRequired><Value i:type="a:ArrayOfdouble" xmlns:a="http://schemas.microsoft.com/2003/10/Serialization/Arrays"><a:double>1</a:double><a:double>1</a:double><a:double>1</a:double><a:double>1</a:double></Value></Attribute></Attributes><ChildElements/><ElementName>color</ElementName><required>false</required><RGBAAttribute z:Ref="i26"/></URDFElement><URDFElement z:Id="i27" i:type="Texture"><Attributes><Attribute z:Id="i28"><AttributeType>filename</AttributeType><IsRequired>true</IsRequired><Value i:nil="true"/></Attribute></Attributes><ChildElements/><ElementName>texture</ElementName><required>false</required><FilenameAttribute z:Ref="i28"/><wFilename/></URDFElement></ChildElements><ElementName>material</ElementName><required>false</required><Color z:Ref="i25"/><NameAttribute z:Ref="i24"/><Texture z:Ref="i27"/></URDFElement></ChildElements><ElementName>visual</ElementName><required>false</required><Geometry z:Ref="i20"/><Material z:Ref="i23"/><Origin z:Ref="i17"/></URDFElement><URDFElement z:Id="i29" i:type="Collision"><Attributes/><ChildElements><URDFElement z:Id="i30" i:type="Origin"><Attributes><Attribute z:Id="i31"><AttributeType>xyz</AttributeType><IsRequired>true</IsRequired><Value i:type="a:ArrayOfdouble" xmlns:a="http://schemas.microsoft.com/2003/10/Serialization/Arrays"><a:double>0</a:double><a:double>0</a:double><a:double>0</a:double></Value></Attribute><Attribute z:Id="i32"><AttributeType>rpy</AttributeType><IsRequired>true</IsRequired><Value i:type="a:ArrayOfdouble" xmlns:a="http://schemas.microsoft.com/2003/10/Serialization/Arrays"><a:double>0</a:double><a:double>0</a:double><a:double>0</a:double></Value></Attribute></Attributes><ChildElements/><ElementName>origin</ElementName><required>false</required><RPYAttribute z:Ref="i32"/><XYZAttribute z:Ref="i31"/><isCustomized>false</isCustomized></URDFElement><URDFElement z:Id="i33" i:type="Geometry"><Attributes/><ChildElements><URDFElement z:Id="i34" i:type="Mesh"><Attributes><Attribute z:Id="i35"><AttributeType>filename</AttributeType><IsRequired>true</IsRequired><Value i:nil="true"/></Attribute></Attributes><ChildElements/><ElementName>mesh</ElementName><required>false</required><FilenameAttribute z:Ref="i35"/></URDFElement></ChildElements><ElementName>geometry</ElementName><required>true</required><Mesh z:Ref="i34"/></URDFElement></ChildElements><ElementName>collision</ElementName><required>false</required><Geometry z:Ref="i33"/><Origin z:Ref="i30"/></URDFElement><URDFElement z:Id="i36" i:type="Joint"><Attributes><Attribute z:Id="i37"><AttributeType>name</AttributeType><IsRequired>true</IsRequired><Value i:type="a:string" xmlns:a="http://www.w3.org/2001/XMLSchema"/></Attribute><Attribute z:Id="i38"><AttributeType>type</AttributeType><IsRequired>true</IsRequired><Value i:type="a:string" xmlns:a="http://www.w3.org/2001/XMLSchema"/></Attribute></Attributes><ChildElements><URDFElement z:Id="i39" i:type="Origin"><Attributes><Attribute z:Id="i40"><AttributeType>xyz</AttributeType><IsRequired>true</IsRequired><Value i:type="a:ArrayOfdouble" xmlns:a="http://schemas.microsoft.com/2003/10/Serialization/Arrays"><a:double>0</a:double><a:double>0</a:double><a:double>0</a:double></Value></Attribute><Attribute z:Id="i41"><AttributeType>rpy</AttributeType><IsRequired>true</IsRequired><Value i:type="a:ArrayOfdouble" xmlns:a="http://schemas.microsoft.com/2003/10/Serialization/Arrays"><a:double>0</a:double><a:double>0</a:double><a:double>0</a:double></Value></Attribute></Attributes><ChildElements/><ElementName>origin</ElementName><required>false</required><RPYAttribute z:Ref="i41"/><XYZAttribute z:Ref="i40"/><isCustomized>false</isCustomized></URDFElement><URDFElement z:Id="i42" i:type="ParentLink"><Attributes><Attribute z:Id="i43"><AttributeType>link</AttributeType><IsRequired>true</IsRequired><Value i:type="a:string" xmlns:a="http://www.w3.org/2001/XMLSchema"/></Attribute></Attributes><ChildElements/><ElementName>parent</ElementName><required>true</required><NameAttribute z:Ref="i43"/></URDFElement><URDFElement z:Id="i44" i:type="ChildLink"><Attributes><Attribute z:Id="i45"><AttributeType>link</AttributeType><IsRequired>true</IsRequired><Value i:type="a:string" xmlns:a="http://www.w3.org/2001/XMLSchema"/></Attribute></Attributes><ChildElements/><ElementName>child</ElementName><required>true</required><NameAttribute z:Ref="i45"/></URDFElement><URDFElement z:Id="i46" i:type="Axis"><Attributes><Attribute z:Id="i47"><AttributeType>xyz</AttributeType><IsRequired>true</IsRequired><Value i:type="a:ArrayOfdouble" xmlns:a="http://schemas.microsoft.com/2003/10/Serialization/Arrays"><a:double>0</a:double><a:double>0</a:double><a:double>0</a:double></Value></Attribute></Attributes><ChildElements/><ElementName>axis</ElementName><required>false</required><XYZAttribute z:Ref="i47"/></URDFElement><URDFElement z:Id="i48" i:type="Limit"><Attributes><Attribute z:Id="i49"><AttributeType>lower</AttributeType><IsRequired>false</IsRequired><Value i:nil="true"/></Attribute><Attribute z:Id="i50"><AttributeType>upper</AttributeType><IsRequired>false</IsRequired><Value i:nil="true"/></Attribute><Attribute z:Id="i51"><AttributeType>effort</AttributeType><IsRequired>true</IsRequired><Value i:nil="true"/></Attribute><Attribute z:Id="i52"><AttributeType>velocity</AttributeType><IsRequired>true</IsRequired><Value i:nil="true"/></Attribute></Attributes><ChildElements/><ElementName>limit</ElementName><required>false</required><EffortAttribute z:Ref="i51"/><LowerAttribute z:Ref="i49"/><UpperAttribute z:Ref="i50"/><VelocityAttribute z:Ref="i52"/></URDFElement><URDFElement z:Id="i53" i:type="Calibration"><Attributes><Attribute z:Id="i54"><AttributeType>rising</AttributeType><IsRequired>false</IsRequired><Value i:nil="true"/></Attribute><Attribute z:Id="i55"><AttributeType>falling</AttributeType><IsRequired>false</IsRequired><Value i:nil="true"/></Attribute></Attributes><ChildElements/><ElementName>calibration</ElementName><required>false</required><FallingAttribute z:Ref="i55"/><RisingAttribute z:Ref="i54"/></URDFElement><URDFElement z:Id="i56" i:type="Dynamics"><Attributes><Attribute z:Id="i57"><AttributeType>damping</AttributeType><IsRequired>false</IsRequired><Value i:nil="true"/></Attribute><Attribute z:Id="i58"><AttributeType>friction</AttributeType><IsRequired>false</IsRequired><Value i:nil="true"/></Attribute></Attributes><ChildElements/><ElementName>dynamics</ElementName><required>false</required><DampingAttribute z:Ref="i57"/><FrictionAttribute z:Ref="i58"/></URDFElement><URDFElement z:Id="i59" i:type="SafetyController"><Attributes><Attribute z:Id="i60"><AttributeType>soft_upper_limit</AttributeType><IsRequired>false</IsRequired><Value i:nil="true"/></Attribute><Attribute z:Id="i61"><AttributeType>soft_lower_limit</AttributeType><IsRequired>false</IsRequired><Value i:nil="true"/></Attribute><Attribute z:Id="i62"><AttributeType>k_position</AttributeType><IsRequired>false</IsRequired><Value i:nil="true"/></Attribute><Attribute z:Id="i63"><AttributeType>k_velocity</AttributeType><IsRequired>true</IsRequired><Value i:nil="true"/></Attribute></Attributes><ChildElements/><ElementName>safety_controller</ElementName><required>false</required><KPositionAttribute z:Ref="i62"/><KVelocityAttribute z:Ref="i63"/><SoftLowerAttribute z:Ref="i61"/><SoftUpperAttribute z:Ref="i60"/></URDFElement><URDFElement z:Id="i64" i:type="Mimic"><Attributes><Attribute z:Id="i65"><AttributeType>joint</AttributeType><IsRequired>true</IsRequired><Value i:nil="true"/></Attribute><Attribute z:Id="i66"><AttributeType>multiplier</AttributeType><IsRequired>false</IsRequired><Value i:nil="true"/></Attribute><Attribute z:Id="i67"><AttributeType>offset</AttributeType><IsRequired>false</IsRequired><Value i:nil="true"/></Attribute></Attributes><ChildElements/><ElementName>mimic</ElementName><required>false</required><JointNameAttribute z:Ref="i65"/><MultiplierAttribute z:Ref="i66"/><OffsetAttribute z:Ref="i67"/></URDFElement></ChildElements><ElementName>joint</ElementName><required>false</required><Axis z:Ref="i46"/><AxisName/><Calibration z:Ref="i53"/><Child z:Ref="i44"/><CoordinateSystemName>?????????1</CoordinateSystemName><Dynamics z:Ref="i56"/><Limit z:Ref="i48"/><Mimic z:Ref="i64"/><NameAttribute z:Ref="i37"/><Origin z:Ref="i39"/><Parent z:Ref="i42"/><Safety z:Ref="i59"/><TypeAttribute z:Ref="i38"/></URDFElement></ChildElements><ElementName>link</ElementName><required>true</required><Children><Link z:Id="i68"><Attributes><Attribute z:Id="i69"><AttributeType>name</AttributeType><IsRequired>true</IsRequired><Value i:type="a:string" xmlns:a="http://www.w3.org/2001/XMLSchema">L_F_wheel_Link</Value></Attribute></Attributes><ChildElements><URDFElement z:Id="i70" i:type="Inertial"><Attributes/><ChildElements><URDFElement z:Id="i71" i:type="Origin"><Attributes><Attribute z:Id="i72"><AttributeType>xyz</AttributeType><IsRequired>true</IsRequired><Value i:type="a:ArrayOfdouble" xmlns:a="http://schemas.microsoft.com/2003/10/Serialization/Arrays"><a:double>0</a:double><a:double>0</a:double><a:double>0</a:double></Value></Attribute><Attribute z:Id="i73"><AttributeType>rpy</AttributeType><IsRequired>true</IsRequired><Value i:type="a:ArrayOfdouble" xmlns:a="http://schemas.microsoft.com/2003/10/Serialization/Arrays"><a:double>0</a:double><a:double>0</a:double><a:double>0</a:double></Value></Attribute></Attributes><ChildElements/><ElementName>origin</ElementName><required>false</required><RPYAttribute z:Ref="i73"/><XYZAttribute z:Ref="i72"/><isCustomized>false</isCustomized></URDFElement><URDFElement z:Id="i74" i:type="Mass"><Attributes><Attribute z:Id="i75"><AttributeType>value</AttributeType><IsRequired>true</IsRequired><Value i:type="a:double" xmlns:a="http://www.w3.org/2001/XMLSchema">0</Value></Attribute></Attributes><ChildElements/><ElementName>mass</ElementName><required>false</required><ValueAttribute z:Ref="i75"/></URDFElement><URDFElement z:Id="i76" i:type="Inertia"><Attributes><Attribute z:Id="i77"><AttributeType>ixx</AttributeType><IsRequired>true</IsRequired><Value i:type="a:double" xmlns:a="http://www.w3.org/2001/XMLSchema">0</Value></Attribute><Attribute z:Id="i78"><AttributeType>ixy</AttributeType><IsRequired>true</IsRequired><Value i:type="a:double" xmlns:a="http://www.w3.org/2001/XMLSchema">0</Value></Attribute><Attribute z:Id="i79"><AttributeType>ixz</AttributeType><IsRequired>true</IsRequired><Value i:type="a:double" xmlns:a="http://www.w3.org/2001/XMLSchema">0</Value></Attribute><Attribute z:Id="i80"><AttributeType>iyy</AttributeType><IsRequired>true</IsRequired><Value i:type="a:double" xmlns:a="http://www.w3.org/2001/XMLSchema">0</Value></Attribute><Attribute z:Id="i81"><AttributeType>iyz</AttributeType><IsRequired>true</IsRequired><Value i:type="a:double" xmlns:a="http://www.w3.org/2001/XMLSchema">0</Value></Attribute><Attribute z:Id="i82"><AttributeType>izz</AttributeType><IsRequired>true</IsRequired><Value i:type="a:double" xmlns:a="http://www.w3.org/2001/XMLSchema">0</Value></Attribute></Attributes><ChildElements/><ElementName>inertia</ElementName><required>false</required><IxxAttribute z:Ref="i77"/><IxyAttribute z:Ref="i78"/><IxzAttribute z:Ref="i79"/><IyyAttribute z:Ref="i80"/><IyzAttribute z:Ref="i81"/><IzzAttribute z:Ref="i82"/></URDFElement></ChildElements><ElementName>inertial</ElementName><required>false</required><Inertia z:Ref="i76"/><Mass z:Ref="i74"/><Origin z:Ref="i71"/></URDFElement><URDFElement z:Id="i83" i:type="Visual"><Attributes/><ChildElements><URDFElement z:Id="i84" i:type="Origin"><Attributes><Attribute z:Id="i85"><AttributeType>xyz</AttributeType><IsRequired>true</IsRequired><Value i:type="a:ArrayOfdouble" xmlns:a="http://schemas.microsoft.com/2003/10/Serialization/Arrays"><a:double>0</a:double><a:double>0</a:double><a:double>0</a:double></Value></Attribute><Attribute z:Id="i86"><AttributeType>rpy</AttributeType><IsRequired>true</IsRequired><Value i:type="a:ArrayOfdouble" xmlns:a="http://schemas.microsoft.com/2003/10/Serialization/Arrays"><a:double>0</a:double><a:double>0</a:double><a:double>0</a:double></Value></Attribute></Attributes><ChildElements/><ElementName>origin</ElementName><required>false</required><RPYAttribute z:Ref="i86"/><XYZAttribute z:Ref="i85"/><isCustomized>false</isCustomized></URDFElement><URDFElement z:Id="i87" i:type="Geometry"><Attributes/><ChildElements><URDFElement z:Id="i88" i:type="Mesh"><Attributes><Attribute z:Id="i89"><AttributeType>filename</AttributeType><IsRequired>true</IsRequired><Value i:nil="true"/></Attribute></Attributes><ChildElements/><ElementName>mesh</ElementName><required>false</required><FilenameAttribute z:Ref="i89"/></URDFElement></ChildElements><ElementName>geometry</ElementName><required>true</required><Mesh z:Ref="i88"/></URDFElement><URDFElement z:Id="i90" i:type="Material"><Attributes><Attribute z:Id="i91"><AttributeType>name</AttributeType><IsRequired>true</IsRequired><Value i:type="a:string" xmlns:a="http://www.w3.org/2001/XMLSchema"/></Attribute></Attributes><ChildElements><URDFElement z:Id="i92" i:type="Color"><Attributes><Attribute z:Id="i93"><AttributeType>rgba</AttributeType><IsRequired>true</IsRequired><Value i:type="a:ArrayOfdouble" xmlns:a="http://schemas.microsoft.com/2003/10/Serialization/Arrays"><a:double>1</a:double><a:double>1</a:double><a:double>1</a:double><a:double>1</a:double></Value></Attribute></Attributes><ChildElements/><ElementName>color</ElementName><required>false</required><RGBAAttribute z:Ref="i93"/></URDFElement><URDFElement z:Id="i94" i:type="Texture"><Attributes><Attribute z:Id="i95"><AttributeType>filename</AttributeType><IsRequired>true</IsRequired><Value i:nil="true"/></Attribute></Attributes><ChildElements/><ElementName>texture</ElementName><required>false</required><FilenameAttribute z:Ref="i95"/><wFilename/></URDFElement></ChildElements><ElementName>material</ElementName><required>false</required><Color z:Ref="i92"/><NameAttribute z:Ref="i91"/><Texture z:Ref="i94"/></URDFElement></ChildElements><ElementName>visual</ElementName><required>false</required><Geometry z:Ref="i87"/><Material z:Ref="i90"/><Origin z:Ref="i84"/></URDFElement><URDFElement z:Id="i96" i:type="Collision"><Attributes/><ChildElements><URDFElement z:Id="i97" i:type="Origin"><Attributes><Attribute z:Id="i98"><AttributeType>xyz</AttributeType><IsRequired>true</IsRequired><Value i:type="a:ArrayOfdouble" xmlns:a="http://schemas.microsoft.com/2003/10/Serialization/Arrays"><a:double>0</a:double><a:double>0</a:double><a:double>0</a:double></Value></Attribute><Attribute z:Id="i99"><AttributeType>rpy</AttributeType><IsRequired>true</IsRequired><Value i:type="a:ArrayOfdouble" xmlns:a="http://schemas.microsoft.com/2003/10/Serialization/Arrays"><a:double>0</a:double><a:double>0</a:double><a:double>0</a:double></Value></Attribute></Attributes><ChildElements/><ElementName>origin</ElementName><required>false</required><RPYAttribute z:Ref="i99"/><XYZAttribute z:Ref="i98"/><isCustomized>false</isCustomized></URDFElement><URDFElement z:Id="i100" i:type="Geometry"><Attributes/><ChildElements><URDFElement z:Id="i101" i:type="Mesh"><Attributes><Attribute z:Id="i102"><AttributeType>filename</AttributeType><IsRequired>true</IsRequired><Value i:nil="true"/></Attribute></Attributes><ChildElements/><ElementName>mesh</ElementName><required>false</required><FilenameAttribute z:Ref="i102"/></URDFElement></ChildElements><ElementName>geometry</ElementName><required>true</required><Mesh z:Ref="i101"/></URDFElement></ChildElements><ElementName>collision</ElementName><required>false</required><Geometry z:Ref="i100"/><Origin z:Ref="i97"/></URDFElement><URDFElement z:Id="i103" i:type="Joint"><Attributes><Attribute z:Id="i104"><AttributeType>name</AttributeType><IsRequired>true</IsRequired><Value i:type="a:string" xmlns:a="http://www.w3.org/2001/XMLSchema">L_F_wheel</Value></Attribute><Attribute z:Id="i105"><AttributeType>type</AttributeType><IsRequired>true</IsRequired><Value i:type="a:string" xmlns:a="http://www.w3.org/2001/XMLSchema">continuous</Value></Attribute></Attributes><ChildElements><URDFElement z:Id="i106" i:type="Origin"><Attributes><Attribute z:Id="i107"><AttributeType>xyz</AttributeType><IsRequired>true</IsRequired><Value i:type="a:ArrayOfdouble" xmlns:a="http://schemas.microsoft.com/2003/10/Serialization/Arrays"><a:double>0</a:double><a:double>0</a:double><a:double>0</a:double></Value></Attribute><Attribute z:Id="i108"><AttributeType>rpy</AttributeType><IsRequired>true</IsRequired><Value i:type="a:ArrayOfdouble" xmlns:a="http://schemas.microsoft.com/2003/10/Serialization/Arrays"><a:double>0</a:double><a:double>0</a:double><a:double>0</a:double></Value></Attribute></Attributes><ChildElements/><ElementName>origin</ElementName><required>false</required><RPYAttribute z:Ref="i108"/><XYZAttribute z:Ref="i107"/><isCustomized>false</isCustomized></URDFElement><URDFElement z:Id="i109" i:type="ParentLink"><Attributes><Attribute z:Id="i110"><AttributeType>link</AttributeType><IsRequired>true</IsRequired><Value i:type="a:string" xmlns:a="http://www.w3.org/2001/XMLSchema"/></Attribute></Attributes><ChildElements/><ElementName>parent</ElementName><required>true</required><NameAttribute z:Ref="i110"/></URDFElement><URDFElement z:Id="i111" i:type="ChildLink"><Attributes><Attribute z:Id="i112"><AttributeType>link</AttributeType><IsRequired>true</IsRequired><Value i:type="a:string" xmlns:a="http://www.w3.org/2001/XMLSchema"/></Attribute></Attributes><ChildElements/><ElementName>child</ElementName><required>true</required><NameAttribute z:Ref="i112"/></URDFElement><URDFElement z:Id="i113" i:type="Axis"><Attributes><Attribute z:Id="i114"><AttributeType>xyz</AttributeType><IsRequired>true</IsRequired><Value i:type="a:ArrayOfdouble" xmlns:a="http://schemas.microsoft.com/2003/10/Serialization/Arrays"><a:double>0</a:double><a:double>0</a:double><a:double>0</a:double></Value></Attribute></Attributes><ChildElements/><ElementName>axis</ElementName><required>false</required><XYZAttribute z:Ref="i114"/></URDFElement><URDFElement z:Id="i115" i:type="Limit"><Attributes><Attribute z:Id="i116"><AttributeType>lower</AttributeType><IsRequired>false</IsRequired><Value i:nil="true"/></Attribute><Attribute z:Id="i117"><AttributeType>upper</AttributeType><IsRequired>false</IsRequired><Value i:nil="true"/></Attribute><Attribute z:Id="i118"><AttributeType>effort</AttributeType><IsRequired>true</IsRequired><Value i:nil="true"/></Attribute><Attribute z:Id="i119"><AttributeType>velocity</AttributeType><IsRequired>true</IsRequired><Value i:nil="true"/></Attribute></Attributes><ChildElements/><ElementName>limit</ElementName><required>false</required><EffortAttribute z:Ref="i118"/><LowerAttribute z:Ref="i116"/><UpperAttribute z:Ref="i117"/><VelocityAttribute z:Ref="i119"/></URDFElement><URDFElement z:Id="i120" i:type="Calibration"><Attributes><Attribute z:Id="i121"><AttributeType>rising</AttributeType><IsRequired>false</IsRequired><Value i:nil="true"/></Attribute><Attribute z:Id="i122"><AttributeType>falling</AttributeType><IsRequired>false</IsRequired><Value i:nil="true"/></Attribute></Attributes><ChildElements/><ElementName>calibration</ElementName><required>false</required><FallingAttribute z:Ref="i122"/><RisingAttribute z:Ref="i121"/></URDFElement><URDFElement z:Id="i123" i:type="Dynamics"><Attributes><Attribute z:Id="i124"><AttributeType>damping</AttributeType><IsRequired>false</IsRequired><Value i:nil="true"/></Attribute><Attribute z:Id="i125"><AttributeType>friction</AttributeType><IsRequired>false</IsRequired><Value i:nil="true"/></Attribute></Attributes><ChildElements/><ElementName>dynamics</ElementName><required>false</required><DampingAttribute z:Ref="i124"/><FrictionAttribute z:Ref="i125"/></URDFElement><URDFElement z:Id="i126" i:type="SafetyController"><Attributes><Attribute z:Id="i127"><AttributeType>soft_upper_limit</AttributeType><IsRequired>false</IsRequired><Value i:nil="true"/></Attribute><Attribute z:Id="i128"><AttributeType>soft_lower_limit</AttributeType><IsRequired>false</IsRequired><Value i:nil="true"/></Attribute><Attribute z:Id="i129"><AttributeType>k_position</AttributeType><IsRequired>false</IsRequired><Value i:nil="true"/></Attribute><Attribute z:Id="i130"><AttributeType>k_velocity</AttributeType><IsRequired>true</IsRequired><Value i:nil="true"/></Attribute></Attributes><ChildElements/><ElementName>safety_controller</ElementName><required>false</required><KPositionAttribute z:Ref="i129"/><KVelocityAttribute z:Ref="i130"/><SoftLowerAttribute z:Ref="i128"/><SoftUpperAttribute z:Ref="i127"/></URDFElement><URDFElement z:Id="i131" i:type="Mimic"><Attributes><Attribute z:Id="i132"><AttributeType>joint</AttributeType><IsRequired>true</IsRequired><Value i:nil="true"/></Attribute><Attribute z:Id="i133"><AttributeType>multiplier</AttributeType><IsRequired>false</IsRequired><Value i:nil="true"/></Attribute><Attribute z:Id="i134"><AttributeType>offset</AttributeType><IsRequired>false</IsRequired><Value i:nil="true"/></Attribute></Attributes><ChildElements/><ElementName>mimic</ElementName><required>false</required><JointNameAttribute z:Ref="i132"/><MultiplierAttribute z:Ref="i133"/><OffsetAttribute z:Ref="i134"/></URDFElement></ChildElements><ElementName>joint</ElementName><required>false</required><Axis z:Ref="i113"/><AxisName>?????????1</AxisName><Calibration z:Ref="i120"/><Child z:Ref="i111"/><CoordinateSystemName>?????????7</CoordinateSystemName><Dynamics z:Ref="i123"/><Limit z:Ref="i115"/><Mimic z:Ref="i131"/><NameAttribute z:Ref="i104"/><Origin z:Ref="i106"/><Parent z:Ref="i109"/><Safety z:Ref="i126"/><TypeAttribute z:Ref="i105"/></URDFElement></ChildElements><ElementName>link</ElementName><required>true</required><Children/><Collision z:Ref="i96"/><Inertial z:Ref="i70"/><Joint z:Ref="i103"/><NameAttribute z:Ref="i69"/><Parent z:Ref="i1"/><STLQualityFine>false</STLQualityFine><SWComponentPIDs xmlns:a="http://schemas.microsoft.com/2003/10/Serialization/Arrays"><a:base64Binary>aEIAAAUAAAD//v8edQA4APR2cZo1gm6PLQAxAEAAQQBBAEEAO2DFiC8AdQA4AG6PUFtuj8JrLQAxAEAAdQA4APR2cZo1gm6PBAAAABAAAAABAAAAAgAAAAYVAAAcAAAA</a:base64Binary><a:base64Binary>aEIAAAUAAAD//v8edQA4APR2cZo1gm6PLQAxAEAAQQBBAEEAO2DFiC8AdQA4AG6PUFsFU/aALQAxAEAAdQA4APR2cZo1gm6PBAAAABAAAAABAAAAAgAAAAYVAAAbAAAA</a:base64Binary></SWComponentPIDs><SWMainComponentPID i:nil="true"/><Visual z:Ref="i83"/><isFixedFrame>false</isFixedFrame><isIncomplete>false</isIncomplete></Link><Link z:Id="i135"><Attributes><Attribute z:Id="i136"><AttributeType>name</AttributeType><IsRequired>true</IsRequired><Value i:type="a:string" xmlns:a="http://www.w3.org/2001/XMLSchema">L_B_wheel_Link</Value></Attribute></Attributes><ChildElements><URDFElement z:Id="i137" i:type="Inertial"><Attributes/><ChildElements><URDFElement z:Id="i138" i:type="Origin"><Attributes><Attribute z:Id="i139"><AttributeType>xyz</AttributeType><IsRequired>true</IsRequired><Value i:type="a:ArrayOfdouble" xmlns:a="http://schemas.microsoft.com/2003/10/Serialization/Arrays"><a:double>0</a:double><a:double>0</a:double><a:double>0</a:double></Value></Attribute><Attribute z:Id="i140"><AttributeType>rpy</AttributeType><IsRequired>true</IsRequired><Value i:type="a:ArrayOfdouble" xmlns:a="http://schemas.microsoft.com/2003/10/Serialization/Arrays"><a:double>0</a:double><a:double>0</a:double><a:double>0</a:double></Value></Attribute></Attributes><ChildElements/><ElementName>origin</ElementName><required>false</required><RPYAttribute z:Ref="i140"/><XYZAttribute z:Ref="i139"/><isCustomized>false</isCustomized></URDFElement><URDFElement z:Id="i141" i:type="Mass"><Attributes><Attribute z:Id="i142"><AttributeType>value</AttributeType><IsRequired>true</IsRequired><Value i:type="a:double" xmlns:a="http://www.w3.org/2001/XMLSchema">0</Value></Attribute></Attributes><ChildElements/><ElementName>mass</ElementName><required>false</required><ValueAttribute z:Ref="i142"/></URDFElement><URDFElement z:Id="i143" i:type="Inertia"><Attributes><Attribute z:Id="i144"><AttributeType>ixx</AttributeType><IsRequired>true</IsRequired><Value i:type="a:double" xmlns:a="http://www.w3.org/2001/XMLSchema">0</Value></Attribute><Attribute z:Id="i145"><AttributeType>ixy</AttributeType><IsRequired>true</IsRequired><Value i:type="a:double" xmlns:a="http://www.w3.org/2001/XMLSchema">0</Value></Attribute><Attribute z:Id="i146"><AttributeType>ixz</AttributeType><IsRequired>true</IsRequired><Value i:type="a:double" xmlns:a="http://www.w3.org/2001/XMLSchema">0</Value></Attribute><Attribute z:Id="i147"><AttributeType>iyy</AttributeType><IsRequired>true</IsRequired><Value i:type="a:double" xmlns:a="http://www.w3.org/2001/XMLSchema">0</Value></Attribute><Attribute z:Id="i148"><AttributeType>iyz</AttributeType><IsRequired>true</IsRequired><Value i:type="a:double" xmlns:a="http://www.w3.org/2001/XMLSchema">0</Value></Attribute><Attribute z:Id="i149"><AttributeType>izz</AttributeType><IsRequired>true</IsRequired><Value i:type="a:double" xmlns:a="http://www.w3.org/2001/XMLSchema">0</Value></Attribute></Attributes><ChildElements/><ElementName>inertia</ElementName><required>false</required><IxxAttribute z:Ref="i144"/><IxyAttribute z:Ref="i145"/><IxzAttribute z:Ref="i146"/><IyyAttribute z:Ref="i147"/><IyzAttribute z:Ref="i148"/><IzzAttribute z:Ref="i149"/></URDFElement></ChildElements><ElementName>inertial</ElementName><required>false</required><Inertia z:Ref="i143"/><Mass z:Ref="i141"/><Origin z:Ref="i138"/></URDFElement><URDFElement z:Id="i150" i:type="Visual"><Attributes/><ChildElements><URDFElement z:Id="i151" i:type="Origin"><Attributes><Attribute z:Id="i152"><AttributeType>xyz</AttributeType><IsRequired>true</IsRequired><Value i:type="a:ArrayOfdouble" xmlns:a="http://schemas.microsoft.com/2003/10/Serialization/Arrays"><a:double>0</a:double><a:double>0</a:double><a:double>0</a:double></Value></Attribute><Attribute z:Id="i153"><AttributeType>rpy</AttributeType><IsRequired>true</IsRequired><Value i:type="a:ArrayOfdouble" xmlns:a="http://schemas.microsoft.com/2003/10/Serialization/Arrays"><a:double>0</a:double><a:double>0</a:double><a:double>0</a:double></Value></Attribute></Attributes><ChildElements/><ElementName>origin</ElementName><required>false</required><RPYAttribute z:Ref="i153"/><XYZAttribute z:Ref="i152"/><isCustomized>false</isCustomized></URDFElement><URDFElement z:Id="i154" i:type="Geometry"><Attributes/><ChildElements><URDFElement z:Id="i155" i:type="Mesh"><Attributes><Attribute z:Id="i156"><AttributeType>filename</AttributeType><IsRequired>true</IsRequired><Value i:nil="true"/></Attribute></Attributes><ChildElements/><ElementName>mesh</ElementName><required>false</required><FilenameAttribute z:Ref="i156"/></URDFElement></ChildElements><ElementName>geometry</ElementName><required>true</required><Mesh z:Ref="i155"/></URDFElement><URDFElement z:Id="i157" i:type="Material"><Attributes><Attribute z:Id="i158"><AttributeType>name</AttributeType><IsRequired>true</IsRequired><Value i:type="a:string" xmlns:a="http://www.w3.org/2001/XMLSchema"/></Attribute></Attributes><ChildElements><URDFElement z:Id="i159" i:type="Color"><Attributes><Attribute z:Id="i160"><AttributeType>rgba</AttributeType><IsRequired>true</IsRequired><Value i:type="a:ArrayOfdouble" xmlns:a="http://schemas.microsoft.com/2003/10/Serialization/Arrays"><a:double>1</a:double><a:double>1</a:double><a:double>1</a:double><a:double>1</a:double></Value></Attribute></Attributes><ChildElements/><ElementName>color</ElementName><required>false</required><RGBAAttribute z:Ref="i160"/></URDFElement><URDFElement z:Id="i161" i:type="Texture"><Attributes><Attribute z:Id="i162"><AttributeType>filename</AttributeType><IsRequired>true</IsRequired><Value i:nil="true"/></Attribute></Attributes><ChildElements/><ElementName>texture</ElementName><required>false</required><FilenameAttribute z:Ref="i162"/><wFilename/></URDFElement></ChildElements><ElementName>material</ElementName><required>false</required><Color z:Ref="i159"/><NameAttribute z:Ref="i158"/><Texture z:Ref="i161"/></URDFElement></ChildElements><ElementName>visual</ElementName><required>false</required><Geometry z:Ref="i154"/><Material z:Ref="i157"/><Origin z:Ref="i151"/></URDFElement><URDFElement z:Id="i163" i:type="Collision"><Attributes/><ChildElements><URDFElement z:Id="i164" i:type="Origin"><Attributes><Attribute z:Id="i165"><AttributeType>xyz</AttributeType><IsRequired>true</IsRequired><Value i:type="a:ArrayOfdouble" xmlns:a="http://schemas.microsoft.com/2003/10/Serialization/Arrays"><a:double>0</a:double><a:double>0</a:double><a:double>0</a:double></Value></Attribute><Attribute z:Id="i166"><AttributeType>rpy</AttributeType><IsRequired>true</IsRequired><Value i:type="a:ArrayOfdouble" xmlns:a="http://schemas.microsoft.com/2003/10/Serialization/Arrays"><a:double>0</a:double><a:double>0</a:double><a:double>0</a:double></Value></Attribute></Attributes><ChildElements/><ElementName>origin</ElementName><required>false</required><RPYAttribute z:Ref="i166"/><XYZAttribute z:Ref="i165"/><isCustomized>false</isCustomized></URDFElement><URDFElement z:Id="i167" i:type="Geometry"><Attributes/><ChildElements><URDFElement z:Id="i168" i:type="Mesh"><Attributes><Attribute z:Id="i169"><AttributeType>filename</AttributeType><IsRequired>true</IsRequired><Value i:nil="true"/></Attribute></Attributes><ChildElements/><ElementName>mesh</ElementName><required>false</required><FilenameAttribute z:Ref="i169"/></URDFElement></ChildElements><ElementName>geometry</ElementName><required>true</required><Mesh z:Ref="i168"/></URDFElement></ChildElements><ElementName>collision</ElementName><required>false</required><Geometry z:Ref="i167"/><Origin z:Ref="i164"/></URDFElement><URDFElement z:Id="i170" i:type="Joint"><Attributes><Attribute z:Id="i171"><AttributeType>name</AttributeType><IsRequired>true</IsRequired><Value i:type="a:string" xmlns:a="http://www.w3.org/2001/XMLSchema">L_B_wheel</Value></Attribute><Attribute z:Id="i172"><AttributeType>type</AttributeType><IsRequired>true</IsRequired><Value i:type="a:string" xmlns:a="http://www.w3.org/2001/XMLSchema">continuous</Value></Attribute></Attributes><ChildElements><URDFElement z:Id="i173" i:type="Origin"><Attributes><Attribute z:Id="i174"><AttributeType>xyz</AttributeType><IsRequired>true</IsRequired><Value i:type="a:ArrayOfdouble" xmlns:a="http://schemas.microsoft.com/2003/10/Serialization/Arrays"><a:double>0</a:double><a:double>0</a:double><a:double>0</a:double></Value></Attribute><Attribute z:Id="i175"><AttributeType>rpy</AttributeType><IsRequired>true</IsRequired><Value i:type="a:ArrayOfdouble" xmlns:a="http://schemas.microsoft.com/2003/10/Serialization/Arrays"><a:double>0</a:double><a:double>0</a:double><a:double>0</a:double></Value></Attribute></Attributes><ChildElements/><ElementName>origin</ElementName><required>false</required><RPYAttribute z:Ref="i175"/><XYZAttribute z:Ref="i174"/><isCustomized>false</isCustomized></URDFElement><URDFElement z:Id="i176" i:type="ParentLink"><Attributes><Attribute z:Id="i177"><AttributeType>link</AttributeType><IsRequired>true</IsRequired><Value i:type="a:string" xmlns:a="http://www.w3.org/2001/XMLSchema"/></Attribute></Attributes><ChildElements/><ElementName>parent</ElementName><required>true</required><NameAttribute z:Ref="i177"/></URDFElement><URDFElement z:Id="i178" i:type="ChildLink"><Attributes><Attribute z:Id="i179"><AttributeType>link</AttributeType><IsRequired>true</IsRequired><Value i:type="a:string" xmlns:a="http://www.w3.org/2001/XMLSchema"/></Attribute></Attributes><ChildElements/><ElementName>child</ElementName><required>true</required><NameAttribute z:Ref="i179"/></URDFElement><URDFElement z:Id="i180" i:type="Axis"><Attributes><Attribute z:Id="i181"><AttributeType>xyz</AttributeType><IsRequired>true</IsRequired><Value i:type="a:ArrayOfdouble" xmlns:a="http://schemas.microsoft.com/2003/10/Serialization/Arrays"><a:double>0</a:double><a:double>0</a:double><a:double>0</a:double></Value></Attribute></Attributes><ChildElements/><ElementName>axis</ElementName><required>false</required><XYZAttribute z:Ref="i181"/></URDFElement><URDFElement z:Id="i182" i:type="Limit"><Attributes><Attribute z:Id="i183"><AttributeType>lower</AttributeType><IsRequired>false</IsRequired><Value i:nil="true"/></Attribute><Attribute z:Id="i184"><AttributeType>upper</AttributeType><IsRequired>false</IsRequired><Value i:nil="true"/></Attribute><Attribute z:Id="i185"><AttributeType>effort</AttributeType><IsRequired>true</IsRequired><Value i:nil="true"/></Attribute><Attribute z:Id="i186"><AttributeType>velocity</AttributeType><IsRequired>true</IsRequired><Value i:nil="true"/></Attribute></Attributes><ChildElements/><ElementName>limit</ElementName><required>false</required><EffortAttribute z:Ref="i185"/><LowerAttribute z:Ref="i183"/><UpperAttribute z:Ref="i184"/><VelocityAttribute z:Ref="i186"/></URDFElement><URDFElement z:Id="i187" i:type="Calibration"><Attributes><Attribute z:Id="i188"><AttributeType>rising</AttributeType><IsRequired>false</IsRequired><Value i:nil="true"/></Attribute><Attribute z:Id="i189"><AttributeType>falling</AttributeType><IsRequired>false</IsRequired><Value i:nil="true"/></Attribute></Attributes><ChildElements/><ElementName>calibration</ElementName><required>false</required><FallingAttribute z:Ref="i189"/><RisingAttribute z:Ref="i188"/></URDFElement><URDFElement z:Id="i190" i:type="Dynamics"><Attributes><Attribute z:Id="i191"><AttributeType>damping</AttributeType><IsRequired>false</IsRequired><Value i:nil="true"/></Attribute><Attribute z:Id="i192"><AttributeType>friction</AttributeType><IsRequired>false</IsRequired><Value i:nil="true"/></Attribute></Attributes><ChildElements/><ElementName>dynamics</ElementName><required>false</required><DampingAttribute z:Ref="i191"/><FrictionAttribute z:Ref="i192"/></URDFElement><URDFElement z:Id="i193" i:type="SafetyController"><Attributes><Attribute z:Id="i194"><AttributeType>soft_upper_limit</AttributeType><IsRequired>false</IsRequired><Value i:nil="true"/></Attribute><Attribute z:Id="i195"><AttributeType>soft_lower_limit</AttributeType><IsRequired>false</IsRequired><Value i:nil="true"/></Attribute><Attribute z:Id="i196"><AttributeType>k_position</AttributeType><IsRequired>false</IsRequired><Value i:nil="true"/></Attribute><Attribute z:Id="i197"><AttributeType>k_velocity</AttributeType><IsRequired>true</IsRequired><Value i:nil="true"/></Attribute></Attributes><ChildElements/><ElementName>safety_controller</ElementName><required>false</required><KPositionAttribute z:Ref="i196"/><KVelocityAttribute z:Ref="i197"/><SoftLowerAttribute z:Ref="i195"/><SoftUpperAttribute z:Ref="i194"/></URDFElement><URDFElement z:Id="i198" i:type="Mimic"><Attributes><Attribute z:Id="i199"><AttributeType>joint</AttributeType><IsRequired>true</IsRequired><Value i:nil="true"/></Attribute><Attribute z:Id="i200"><AttributeType>multiplier</AttributeType><IsRequired>false</IsRequired><Value i:nil="true"/></Attribute><Attribute z:Id="i201"><AttributeType>offset</AttributeType><IsRequired>false</IsRequired><Value i:nil="true"/></Attribute></Attributes><ChildElements/><ElementName>mimic</ElementName><required>false</required><JointNameAttribute z:Ref="i199"/><MultiplierAttribute z:Ref="i200"/><OffsetAttribute z:Ref="i201"/></URDFElement></ChildElements><ElementName>joint</ElementName><required>false</required><Axis z:Ref="i180"/><AxisName>?????????2</AxisName><Calibration z:Ref="i187"/><Child z:Ref="i178"/><CoordinateSystemName>?????????8</CoordinateSystemName><Dynamics z:Ref="i190"/><Limit z:Ref="i182"/><Mimic z:Ref="i198"/><NameAttribute z:Ref="i171"/><Origin z:Ref="i173"/><Parent z:Ref="i176"/><Safety z:Ref="i193"/><TypeAttribute z:Ref="i172"/></URDFElement></ChildElements><ElementName>link</ElementName><required>true</required><Children/><Collision z:Ref="i163"/><Inertial z:Ref="i137"/><Joint z:Ref="i170"/><NameAttribute z:Ref="i136"/><Parent z:Ref="i1"/><STLQualityFine>false</STLQualityFine><SWComponentPIDs xmlns:a="http://schemas.microsoft.com/2003/10/Serialization/Arrays"><a:base64Binary>aEIAAAUAAAD//v8edQA4APR2cZo1gm6PLQA1AEAAQQBBAEEAO2DFiC8AdQA4AG6PUFtuj8JrLQAxAEAAdQA4APR2cZo1gm6PBAAAABAAAAABAAAAAgAAAGIWAAAcAAAA</a:base64Binary><a:base64Binary>aEIAAAUAAAD//v8edQA4APR2cZo1gm6PLQA1AEAAQQBBAEEAO2DFiC8AdQA4AG6PUFsFU/aALQAxAEAAdQA4APR2cZo1gm6PBAAAABAAAAABAAAAAgAAAGIWAAAbAAAA</a:base64Binary></SWComponentPIDs><SWMainComponentPID i:nil="true"/><Visual z:Ref="i150"/><isFixedFrame>false</isFixedFrame><isIncomplete>false</isIncomplete></Link><Link z:Id="i202"><Attributes><Attribute z:Id="i203"><AttributeType>name</AttributeType><IsRequired>true</IsRequired><Value i:type="a:string" xmlns:a="http://www.w3.org/2001/XMLSchema">R_F_wheel_Link</Value></Attribute></Attributes><ChildElements><URDFElement z:Id="i204" i:type="Inertial"><Attributes/><ChildElements><URDFElement z:Id="i205" i:type="Origin"><Attributes><Attribute z:Id="i206"><AttributeType>xyz</AttributeType><IsRequired>true</IsRequired><Value i:type="a:ArrayOfdouble" xmlns:a="http://schemas.microsoft.com/2003/10/Serialization/Arrays"><a:double>0</a:double><a:double>0</a:double><a:double>0</a:double></Value></Attribute><Attribute z:Id="i207"><AttributeType>rpy</AttributeType><IsRequired>true</IsRequired><Value i:type="a:ArrayOfdouble" xmlns:a="http://schemas.microsoft.com/2003/10/Serialization/Arrays"><a:double>0</a:double><a:double>0</a:double><a:double>0</a:double></Value></Attribute></Attributes><ChildElements/><ElementName>origin</ElementName><required>false</required><RPYAttribute z:Ref="i207"/><XYZAttribute z:Ref="i206"/><isCustomized>false</isCustomized></URDFElement><URDFElement z:Id="i208" i:type="Mass"><Attributes><Attribute z:Id="i209"><AttributeType>value</AttributeType><IsRequired>true</IsRequired><Value i:type="a:double" xmlns:a="http://www.w3.org/2001/XMLSchema">0</Value></Attribute></Attributes><ChildElements/><ElementName>mass</ElementName><required>false</required><ValueAttribute z:Ref="i209"/></URDFElement><URDFElement z:Id="i210" i:type="Inertia"><Attributes><Attribute z:Id="i211"><AttributeType>ixx</AttributeType><IsRequired>true</IsRequired><Value i:type="a:double" xmlns:a="http://www.w3.org/2001/XMLSchema">0</Value></Attribute><Attribute z:Id="i212"><AttributeType>ixy</AttributeType><IsRequired>true</IsRequired><Value i:type="a:double" xmlns:a="http://www.w3.org/2001/XMLSchema">0</Value></Attribute><Attribute z:Id="i213"><AttributeType>ixz</AttributeType><IsRequired>true</IsRequired><Value i:type="a:double" xmlns:a="http://www.w3.org/2001/XMLSchema">0</Value></Attribute><Attribute z:Id="i214"><AttributeType>iyy</AttributeType><IsRequired>true</IsRequired><Value i:type="a:double" xmlns:a="http://www.w3.org/2001/XMLSchema">0</Value></Attribute><Attribute z:Id="i215"><AttributeType>iyz</AttributeType><IsRequired>true</IsRequired><Value i:type="a:double" xmlns:a="http://www.w3.org/2001/XMLSchema">0</Value></Attribute><Attribute z:Id="i216"><AttributeType>izz</AttributeType><IsRequired>true</IsRequired><Value i:type="a:double" xmlns:a="http://www.w3.org/2001/XMLSchema">0</Value></Attribute></Attributes><ChildElements/><ElementName>inertia</ElementName><required>false</required><IxxAttribute z:Ref="i211"/><IxyAttribute z:Ref="i212"/><IxzAttribute z:Ref="i213"/><IyyAttribute z:Ref="i214"/><IyzAttribute z:Ref="i215"/><IzzAttribute z:Ref="i216"/></URDFElement></ChildElements><ElementName>inertial</ElementName><required>false</required><Inertia z:Ref="i210"/><Mass z:Ref="i208"/><Origin z:Ref="i205"/></URDFElement><URDFElement z:Id="i217" i:type="Visual"><Attributes/><ChildElements><URDFElement z:Id="i218" i:type="Origin"><Attributes><Attribute z:Id="i219"><AttributeType>xyz</AttributeType><IsRequired>true</IsRequired><Value i:type="a:ArrayOfdouble" xmlns:a="http://schemas.microsoft.com/2003/10/Serialization/Arrays"><a:double>0</a:double><a:double>0</a:double><a:double>0</a:double></Value></Attribute><Attribute z:Id="i220"><AttributeType>rpy</AttributeType><IsRequired>true</IsRequired><Value i:type="a:ArrayOfdouble" xmlns:a="http://schemas.microsoft.com/2003/10/Serialization/Arrays"><a:double>0</a:double><a:double>0</a:double><a:double>0</a:double></Value></Attribute></Attributes><ChildElements/><ElementName>origin</ElementName><required>false</required><RPYAttribute z:Ref="i220"/><XYZAttribute z:Ref="i219"/><isCustomized>false</isCustomized></URDFElement><URDFElement z:Id="i221" i:type="Geometry"><Attributes/><ChildElements><URDFElement z:Id="i222" i:type="Mesh"><Attributes><Attribute z:Id="i223"><AttributeType>filename</AttributeType><IsRequired>true</IsRequired><Value i:nil="true"/></Attribute></Attributes><ChildElements/><ElementName>mesh</ElementName><required>false</required><FilenameAttribute z:Ref="i223"/></URDFElement></ChildElements><ElementName>geometry</ElementName><required>true</required><Mesh z:Ref="i222"/></URDFElement><URDFElement z:Id="i224" i:type="Material"><Attributes><Attribute z:Id="i225"><AttributeType>name</AttributeType><IsRequired>true</IsRequired><Value i:type="a:string" xmlns:a="http://www.w3.org/2001/XMLSchema"/></Attribute></Attributes><ChildElements><URDFElement z:Id="i226" i:type="Color"><Attributes><Attribute z:Id="i227"><AttributeType>rgba</AttributeType><IsRequired>true</IsRequired><Value i:type="a:ArrayOfdouble" xmlns:a="http://schemas.microsoft.com/2003/10/Serialization/Arrays"><a:double>1</a:double><a:double>1</a:double><a:double>1</a:double><a:double>1</a:double></Value></Attribute></Attributes><ChildElements/><ElementName>color</ElementName><required>false</required><RGBAAttribute z:Ref="i227"/></URDFElement><URDFElement z:Id="i228" i:type="Texture"><Attributes><Attribute z:Id="i229"><AttributeType>filename</AttributeType><IsRequired>true</IsRequired><Value i:nil="true"/></Attribute></Attributes><ChildElements/><ElementName>texture</ElementName><required>false</required><FilenameAttribute z:Ref="i229"/><wFilename/></URDFElement></ChildElements><ElementName>material</ElementName><required>false</required><Color z:Ref="i226"/><NameAttribute z:Ref="i225"/><Texture z:Ref="i228"/></URDFElement></ChildElements><ElementName>visual</ElementName><required>false</required><Geometry z:Ref="i221"/><Material z:Ref="i224"/><Origin z:Ref="i218"/></URDFElement><URDFElement z:Id="i230" i:type="Collision"><Attributes/><ChildElements><URDFElement z:Id="i231" i:type="Origin"><Attributes><Attribute z:Id="i232"><AttributeType>xyz</AttributeType><IsRequired>true</IsRequired><Value i:type="a:ArrayOfdouble" xmlns:a="http://schemas.microsoft.com/2003/10/Serialization/Arrays"><a:double>0</a:double><a:double>0</a:double><a:double>0</a:double></Value></Attribute><Attribute z:Id="i233"><AttributeType>rpy</AttributeType><IsRequired>true</IsRequired><Value i:type="a:ArrayOfdouble" xmlns:a="http://schemas.microsoft.com/2003/10/Serialization/Arrays"><a:double>0</a:double><a:double>0</a:double><a:double>0</a:double></Value></Attribute></Attributes><ChildElements/><ElementName>origin</ElementName><required>false</required><RPYAttribute z:Ref="i233"/><XYZAttribute z:Ref="i232"/><isCustomized>false</isCustomized></URDFElement><URDFElement z:Id="i234" i:type="Geometry"><Attributes/><ChildElements><URDFElement z:Id="i235" i:type="Mesh"><Attributes><Attribute z:Id="i236"><AttributeType>filename</AttributeType><IsRequired>true</IsRequired><Value i:nil="true"/></Attribute></Attributes><ChildElements/><ElementName>mesh</ElementName><required>false</required><FilenameAttribute z:Ref="i236"/></URDFElement></ChildElements><ElementName>geometry</ElementName><required>true</required><Mesh z:Ref="i235"/></URDFElement></ChildElements><ElementName>collision</ElementName><required>false</required><Geometry z:Ref="i234"/><Origin z:Ref="i231"/></URDFElement><URDFElement z:Id="i237" i:type="Joint"><Attributes><Attribute z:Id="i238"><AttributeType>name</AttributeType><IsRequired>true</IsRequired><Value i:type="a:string" xmlns:a="http://www.w3.org/2001/XMLSchema">R_F_wheel</Value></Attribute><Attribute z:Id="i239"><AttributeType>type</AttributeType><IsRequired>true</IsRequired><Value i:type="a:string" xmlns:a="http://www.w3.org/2001/XMLSchema">continuous</Value></Attribute></Attributes><ChildElements><URDFElement z:Id="i240" i:type="Origin"><Attributes><Attribute z:Id="i241"><AttributeType>xyz</AttributeType><IsRequired>true</IsRequired><Value i:type="a:ArrayOfdouble" xmlns:a="http://schemas.microsoft.com/2003/10/Serialization/Arrays"><a:double>0</a:double><a:double>0</a:double><a:double>0</a:double></Value></Attribute><Attribute z:Id="i242"><AttributeType>rpy</AttributeType><IsRequired>true</IsRequired><Value i:type="a:ArrayOfdouble" xmlns:a="http://schemas.microsoft.com/2003/10/Serialization/Arrays"><a:double>0</a:double><a:double>0</a:double><a:double>0</a:double></Value></Attribute></Attributes><ChildElements/><ElementName>origin</ElementName><required>false</required><RPYAttribute z:Ref="i242"/><XYZAttribute z:Ref="i241"/><isCustomized>false</isCustomized></URDFElement><URDFElement z:Id="i243" i:type="ParentLink"><Attributes><Attribute z:Id="i244"><AttributeType>link</AttributeType><IsRequired>true</IsRequired><Value i:type="a:string" xmlns:a="http://www.w3.org/2001/XMLSchema"/></Attribute></Attributes><ChildElements/><ElementName>parent</ElementName><required>true</required><NameAttribute z:Ref="i244"/></URDFElement><URDFElement z:Id="i245" i:type="ChildLink"><Attributes><Attribute z:Id="i246"><AttributeType>link</AttributeType><IsRequired>true</IsRequired><Value i:type="a:string" xmlns:a="http://www.w3.org/2001/XMLSchema"/></Attribute></Attributes><ChildElements/><ElementName>child</ElementName><required>true</required><NameAttribute z:Ref="i246"/></URDFElement><URDFElement z:Id="i247" i:type="Axis"><Attributes><Attribute z:Id="i248"><AttributeType>xyz</AttributeType><IsRequired>true</IsRequired><Value i:type="a:ArrayOfdouble" xmlns:a="http://schemas.microsoft.com/2003/10/Serialization/Arrays"><a:double>0</a:double><a:double>0</a:double><a:double>0</a:double></Value></Attribute></Attributes><ChildElements/><ElementName>axis</ElementName><required>false</required><XYZAttribute z:Ref="i248"/></URDFElement><URDFElement z:Id="i249" i:type="Limit"><Attributes><Attribute z:Id="i250"><AttributeType>lower</AttributeType><IsRequired>false</IsRequired><Value i:nil="true"/></Attribute><Attribute z:Id="i251"><AttributeType>upper</AttributeType><IsRequired>false</IsRequired><Value i:nil="true"/></Attribute><Attribute z:Id="i252"><AttributeType>effort</AttributeType><IsRequired>true</IsRequired><Value i:nil="true"/></Attribute><Attribute z:Id="i253"><AttributeType>velocity</AttributeType><IsRequired>true</IsRequired><Value i:nil="true"/></Attribute></Attributes><ChildElements/><ElementName>limit</ElementName><required>false</required><EffortAttribute z:Ref="i252"/><LowerAttribute z:Ref="i250"/><UpperAttribute z:Ref="i251"/><VelocityAttribute z:Ref="i253"/></URDFElement><URDFElement z:Id="i254" i:type="Calibration"><Attributes><Attribute z:Id="i255"><AttributeType>rising</AttributeType><IsRequired>false</IsRequired><Value i:nil="true"/></Attribute><Attribute z:Id="i256"><AttributeType>falling</AttributeType><IsRequired>false</IsRequired><Value i:nil="true"/></Attribute></Attributes><ChildElements/><ElementName>calibration</ElementName><required>false</required><FallingAttribute z:Ref="i256"/><RisingAttribute z:Ref="i255"/></URDFElement><URDFElement z:Id="i257" i:type="Dynamics"><Attributes><Attribute z:Id="i258"><AttributeType>damping</AttributeType><IsRequired>false</IsRequired><Value i:nil="true"/></Attribute><Attribute z:Id="i259"><AttributeType>friction</AttributeType><IsRequired>false</IsRequired><Value i:nil="true"/></Attribute></Attributes><ChildElements/><ElementName>dynamics</ElementName><required>false</required><DampingAttribute z:Ref="i258"/><FrictionAttribute z:Ref="i259"/></URDFElement><URDFElement z:Id="i260" i:type="SafetyController"><Attributes><Attribute z:Id="i261"><AttributeType>soft_upper_limit</AttributeType><IsRequired>false</IsRequired><Value i:nil="true"/></Attribute><Attribute z:Id="i262"><AttributeType>soft_lower_limit</AttributeType><IsRequired>false</IsRequired><Value i:nil="true"/></Attribute><Attribute z:Id="i263"><AttributeType>k_position</AttributeType><IsRequired>false</IsRequired><Value i:nil="true"/></Attribute><Attribute z:Id="i264"><AttributeType>k_velocity</AttributeType><IsRequired>true</IsRequired><Value i:nil="true"/></Attribute></Attributes><ChildElements/><ElementName>safety_controller</ElementName><required>false</required><KPositionAttribute z:Ref="i263"/><KVelocityAttribute z:Ref="i264"/><SoftLowerAttribute z:Ref="i262"/><SoftUpperAttribute z:Ref="i261"/></URDFElement><URDFElement z:Id="i265" i:type="Mimic"><Attributes><Attribute z:Id="i266"><AttributeType>joint</AttributeType><IsRequired>true</IsRequired><Value i:nil="true"/></Attribute><Attribute z:Id="i267"><AttributeType>multiplier</AttributeType><IsRequired>false</IsRequired><Value i:nil="true"/></Attribute><Attribute z:Id="i268"><AttributeType>offset</AttributeType><IsRequired>false</IsRequired><Value i:nil="true"/></Attribute></Attributes><ChildElements/><ElementName>mimic</ElementName><required>false</required><JointNameAttribute z:Ref="i266"/><MultiplierAttribute z:Ref="i267"/><OffsetAttribute z:Ref="i268"/></URDFElement></ChildElements><ElementName>joint</ElementName><required>false</required><Axis z:Ref="i247"/><AxisName>?????????3</AxisName><Calibration z:Ref="i254"/><Child z:Ref="i245"/><CoordinateSystemName>?????????9</CoordinateSystemName><Dynamics z:Ref="i257"/><Limit z:Ref="i249"/><Mimic z:Ref="i265"/><NameAttribute z:Ref="i238"/><Origin z:Ref="i240"/><Parent z:Ref="i243"/><Safety z:Ref="i260"/><TypeAttribute z:Ref="i239"/></URDFElement></ChildElements><ElementName>link</ElementName><required>true</required><Children/><Collision z:Ref="i230"/><Inertial z:Ref="i204"/><Joint z:Ref="i237"/><NameAttribute z:Ref="i203"/><Parent z:Ref="i1"/><STLQualityFine>false</STLQualityFine><SWComponentPIDs xmlns:a="http://schemas.microsoft.com/2003/10/Serialization/Arrays"><a:base64Binary>aEIAAAUAAAD//v8edQA4APR2cZo1gm6PLQA0AEAAQQBBAEEAO2DFiC8AdQA4AG6PUFsFU/aALQAxAEAAdQA4APR2cZo1gm6PBAAAABAAAAABAAAAAgAAAFoWAAAbAAAA</a:base64Binary><a:base64Binary>aEIAAAUAAAD//v8edQA4APR2cZo1gm6PLQA0AEAAQQBBAEEAO2DFiC8AdQA4AG6PUFtuj8JrLQAxAEAAdQA4APR2cZo1gm6PBAAAABAAAAABAAAAAgAAAFoWAAAcAAAA</a:base64Binary></SWComponentPIDs><SWMainComponentPID i:nil="true"/><Visual z:Ref="i217"/><isFixedFrame>false</isFixedFrame><isIncomplete>false</isIncomplete></Link><Link z:Id="i269"><Attributes><Attribute z:Id="i270"><AttributeType>name</AttributeType><IsRequired>true</IsRequired><Value i:type="a:string" xmlns:a="http://www.w3.org/2001/XMLSchema">R_B_wheel_Link</Value></Attribute></Attributes><ChildElements><URDFElement z:Id="i271" i:type="Inertial"><Attributes/><ChildElements><URDFElement z:Id="i272" i:type="Origin"><Attributes><Attribute z:Id="i273"><AttributeType>xyz</AttributeType><IsRequired>true</IsRequired><Value i:type="a:ArrayOfdouble" xmlns:a="http://schemas.microsoft.com/2003/10/Serialization/Arrays"><a:double>0</a:double><a:double>0</a:double><a:double>0</a:double></Value></Attribute><Attribute z:Id="i274"><AttributeType>rpy</AttributeType><IsRequired>true</IsRequired><Value i:type="a:ArrayOfdouble" xmlns:a="http://schemas.microsoft.com/2003/10/Serialization/Arrays"><a:double>0</a:double><a:double>0</a:double><a:double>0</a:double></Value></Attribute></Attributes><ChildElements/><ElementName>origin</ElementName><required>false</required><RPYAttribute z:Ref="i274"/><XYZAttribute z:Ref="i273"/><isCustomized>false</isCustomized></URDFElement><URDFElement z:Id="i275" i:type="Mass"><Attributes><Attribute z:Id="i276"><AttributeType>value</AttributeType><IsRequired>true</IsRequired><Value i:type="a:double" xmlns:a="http://www.w3.org/2001/XMLSchema">0</Value></Attribute></Attributes><ChildElements/><ElementName>mass</ElementName><required>false</required><ValueAttribute z:Ref="i276"/></URDFElement><URDFElement z:Id="i277" i:type="Inertia"><Attributes><Attribute z:Id="i278"><AttributeType>ixx</AttributeType><IsRequired>true</IsRequired><Value i:type="a:double" xmlns:a="http://www.w3.org/2001/XMLSchema">0</Value></Attribute><Attribute z:Id="i279"><AttributeType>ixy</AttributeType><IsRequired>true</IsRequired><Value i:type="a:double" xmlns:a="http://www.w3.org/2001/XMLSchema">0</Value></Attribute><Attribute z:Id="i280"><AttributeType>ixz</AttributeType><IsRequired>true</IsRequired><Value i:type="a:double" xmlns:a="http://www.w3.org/2001/XMLSchema">0</Value></Attribute><Attribute z:Id="i281"><AttributeType>iyy</AttributeType><IsRequired>true</IsRequired><Value i:type="a:double" xmlns:a="http://www.w3.org/2001/XMLSchema">0</Value></Attribute><Attribute z:Id="i282"><AttributeType>iyz</AttributeType><IsRequired>true</IsRequired><Value i:type="a:double" xmlns:a="http://www.w3.org/2001/XMLSchema">0</Value></Attribute><Attribute z:Id="i283"><AttributeType>izz</AttributeType><IsRequired>true</IsRequired><Value i:type="a:double" xmlns:a="http://www.w3.org/2001/XMLSchema">0</Value></Attribute></Attributes><ChildElements/><ElementName>inertia</ElementName><required>false</required><IxxAttribute z:Ref="i278"/><IxyAttribute z:Ref="i279"/><IxzAttribute z:Ref="i280"/><IyyAttribute z:Ref="i281"/><IyzAttribute z:Ref="i282"/><IzzAttribute z:Ref="i283"/></URDFElement></ChildElements><ElementName>inertial</ElementName><required>false</required><Inertia z:Ref="i277"/><Mass z:Ref="i275"/><Origin z:Ref="i272"/></URDFElement><URDFElement z:Id="i284" i:type="Visual"><Attributes/><ChildElements><URDFElement z:Id="i285" i:type="Origin"><Attributes><Attribute z:Id="i286"><AttributeType>xyz</AttributeType><IsRequired>true</IsRequired><Value i:type="a:ArrayOfdouble" xmlns:a="http://schemas.microsoft.com/2003/10/Serialization/Arrays"><a:double>0</a:double><a:double>0</a:double><a:double>0</a:double></Value></Attribute><Attribute z:Id="i287"><AttributeType>rpy</AttributeType><IsRequired>true</IsRequired><Value i:type="a:ArrayOfdouble" xmlns:a="http://schemas.microsoft.com/2003/10/Serialization/Arrays"><a:double>0</a:double><a:double>0</a:double><a:double>0</a:double></Value></Attribute></Attributes><ChildElements/><ElementName>origin</ElementName><required>false</required><RPYAttribute z:Ref="i287"/><XYZAttribute z:Ref="i286"/><isCustomized>false</isCustomized></URDFElement><URDFElement z:Id="i288" i:type="Geometry"><Attributes/><ChildElements><URDFElement z:Id="i289" i:type="Mesh"><Attributes><Attribute z:Id="i290"><AttributeType>filename</AttributeType><IsRequired>true</IsRequired><Value i:nil="true"/></Attribute></Attributes><ChildElements/><ElementName>mesh</ElementName><required>false</required><FilenameAttribute z:Ref="i290"/></URDFElement></ChildElements><ElementName>geometry</ElementName><required>true</required><Mesh z:Ref="i289"/></URDFElement><URDFElement z:Id="i291" i:type="Material"><Attributes><Attribute z:Id="i292"><AttributeType>name</AttributeType><IsRequired>true</IsRequired><Value i:type="a:string" xmlns:a="http://www.w3.org/2001/XMLSchema"/></Attribute></Attributes><ChildElements><URDFElement z:Id="i293" i:type="Color"><Attributes><Attribute z:Id="i294"><AttributeType>rgba</AttributeType><IsRequired>true</IsRequired><Value i:type="a:ArrayOfdouble" xmlns:a="http://schemas.microsoft.com/2003/10/Serialization/Arrays"><a:double>1</a:double><a:double>1</a:double><a:double>1</a:double><a:double>1</a:double></Value></Attribute></Attributes><ChildElements/><ElementName>color</ElementName><required>false</required><RGBAAttribute z:Ref="i294"/></URDFElement><URDFElement z:Id="i295" i:type="Texture"><Attributes><Attribute z:Id="i296"><AttributeType>filename</AttributeType><IsRequired>true</IsRequired><Value i:nil="true"/></Attribute></Attributes><ChildElements/><ElementName>texture</ElementName><required>false</required><FilenameAttribute z:Ref="i296"/><wFilename/></URDFElement></ChildElements><ElementName>material</ElementName><required>false</required><Color z:Ref="i293"/><NameAttribute z:Ref="i292"/><Texture z:Ref="i295"/></URDFElement></ChildElements><ElementName>visual</ElementName><required>false</required><Geometry z:Ref="i288"/><Material z:Ref="i291"/><Origin z:Ref="i285"/></URDFElement><URDFElement z:Id="i297" i:type="Collision"><Attributes/><ChildElements><URDFElement z:Id="i298" i:type="Origin"><Attributes><Attribute z:Id="i299"><AttributeType>xyz</AttributeType><IsRequired>true</IsRequired><Value i:type="a:ArrayOfdouble" xmlns:a="http://schemas.microsoft.com/2003/10/Serialization/Arrays"><a:double>0</a:double><a:double>0</a:double><a:double>0</a:double></Value></Attribute><Attribute z:Id="i300"><AttributeType>rpy</AttributeType><IsRequired>true</IsRequired><Value i:type="a:ArrayOfdouble" xmlns:a="http://schemas.microsoft.com/2003/10/Serialization/Arrays"><a:double>0</a:double><a:double>0</a:double><a:double>0</a:double></Value></Attribute></Attributes><ChildElements/><ElementName>origin</ElementName><required>false</required><RPYAttribute z:Ref="i300"/><XYZAttribute z:Ref="i299"/><isCustomized>false</isCustomized></URDFElement><URDFElement z:Id="i301" i:type="Geometry"><Attributes/><ChildElements><URDFElement z:Id="i302" i:type="Mesh"><Attributes><Attribute z:Id="i303"><AttributeType>filename</AttributeType><IsRequired>true</IsRequired><Value i:nil="true"/></Attribute></Attributes><ChildElements/><ElementName>mesh</ElementName><required>false</required><FilenameAttribute z:Ref="i303"/></URDFElement></ChildElements><ElementName>geometry</ElementName><required>true</required><Mesh z:Ref="i302"/></URDFElement></ChildElements><ElementName>collision</ElementName><required>false</required><Geometry z:Ref="i301"/><Origin z:Ref="i298"/></URDFElement><URDFElement z:Id="i304" i:type="Joint"><Attributes><Attribute z:Id="i305"><AttributeType>name</AttributeType><IsRequired>true</IsRequired><Value i:type="a:string" xmlns:a="http://www.w3.org/2001/XMLSchema">R_B_wheel</Value></Attribute><Attribute z:Id="i306"><AttributeType>type</AttributeType><IsRequired>true</IsRequired><Value i:type="a:string" xmlns:a="http://www.w3.org/2001/XMLSchema">continuous</Value></Attribute></Attributes><ChildElements><URDFElement z:Id="i307" i:type="Origin"><Attributes><Attribute z:Id="i308"><AttributeType>xyz</AttributeType><IsRequired>true</IsRequired><Value i:type="a:ArrayOfdouble" xmlns:a="http://schemas.microsoft.com/2003/10/Serialization/Arrays"><a:double>0</a:double><a:double>0</a:double><a:double>0</a:double></Value></Attribute><Attribute z:Id="i309"><AttributeType>rpy</AttributeType><IsRequired>true</IsRequired><Value i:type="a:ArrayOfdouble" xmlns:a="http://schemas.microsoft.com/2003/10/Serialization/Arrays"><a:double>0</a:double><a:double>0</a:double><a:double>0</a:double></Value></Attribute></Attributes><ChildElements/><ElementName>origin</ElementName><required>false</required><RPYAttribute z:Ref="i309"/><XYZAttribute z:Ref="i308"/><isCustomized>false</isCustomized></URDFElement><URDFElement z:Id="i310" i:type="ParentLink"><Attributes><Attribute z:Id="i311"><AttributeType>link</AttributeType><IsRequired>true</IsRequired><Value i:type="a:string" xmlns:a="http://www.w3.org/2001/XMLSchema"/></Attribute></Attributes><ChildElements/><ElementName>parent</ElementName><required>true</required><NameAttribute z:Ref="i311"/></URDFElement><URDFElement z:Id="i312" i:type="ChildLink"><Attributes><Attribute z:Id="i313"><AttributeType>link</AttributeType><IsRequired>true</IsRequired><Value i:type="a:string" xmlns:a="http://www.w3.org/2001/XMLSchema"/></Attribute></Attributes><ChildElements/><ElementName>child</ElementName><required>true</required><NameAttribute z:Ref="i313"/></URDFElement><URDFElement z:Id="i314" i:type="Axis"><Attributes><Attribute z:Id="i315"><AttributeType>xyz</AttributeType><IsRequired>true</IsRequired><Value i:type="a:ArrayOfdouble" xmlns:a="http://schemas.microsoft.com/2003/10/Serialization/Arrays"><a:double>0</a:double><a:double>0</a:double><a:double>0</a:double></Value></Attribute></Attributes><ChildElements/><ElementName>axis</ElementName><required>false</required><XYZAttribute z:Ref="i315"/></URDFElement><URDFElement z:Id="i316" i:type="Limit"><Attributes><Attribute z:Id="i317"><AttributeType>lower</AttributeType><IsRequired>false</IsRequired><Value i:nil="true"/></Attribute><Attribute z:Id="i318"><AttributeType>upper</AttributeType><IsRequired>false</IsRequired><Value i:nil="true"/></Attribute><Attribute z:Id="i319"><AttributeType>effort</AttributeType><IsRequired>true</IsRequired><Value i:nil="true"/></Attribute><Attribute z:Id="i320"><AttributeType>velocity</AttributeType><IsRequired>true</IsRequired><Value i:nil="true"/></Attribute></Attributes><ChildElements/><ElementName>limit</ElementName><required>false</required><EffortAttribute z:Ref="i319"/><LowerAttribute z:Ref="i317"/><UpperAttribute z:Ref="i318"/><VelocityAttribute z:Ref="i320"/></URDFElement><URDFElement z:Id="i321" i:type="Calibration"><Attributes><Attribute z:Id="i322"><AttributeType>rising</AttributeType><IsRequired>false</IsRequired><Value i:nil="true"/></Attribute><Attribute z:Id="i323"><AttributeType>falling</AttributeType><IsRequired>false</IsRequired><Value i:nil="true"/></Attribute></Attributes><ChildElements/><ElementName>calibration</ElementName><required>false</required><FallingAttribute z:Ref="i323"/><RisingAttribute z:Ref="i322"/></URDFElement><URDFElement z:Id="i324" i:type="Dynamics"><Attributes><Attribute z:Id="i325"><AttributeType>damping</AttributeType><IsRequired>false</IsRequired><Value i:nil="true"/></Attribute><Attribute z:Id="i326"><AttributeType>friction</AttributeType><IsRequired>false</IsRequired><Value i:nil="true"/></Attribute></Attributes><ChildElements/><ElementName>dynamics</ElementName><required>false</required><DampingAttribute z:Ref="i325"/><FrictionAttribute z:Ref="i326"/></URDFElement><URDFElement z:Id="i327" i:type="SafetyController"><Attributes><Attribute z:Id="i328"><AttributeType>soft_upper_limit</AttributeType><IsRequired>false</IsRequired><Value i:nil="true"/></Attribute><Attribute z:Id="i329"><AttributeType>soft_lower_limit</AttributeType><IsRequired>false</IsRequired><Value i:nil="true"/></Attribute><Attribute z:Id="i330"><AttributeType>k_position</AttributeType><IsRequired>false</IsRequired><Value i:nil="true"/></Attribute><Attribute z:Id="i331"><AttributeType>k_velocity</AttributeType><IsRequired>true</IsRequired><Value i:nil="true"/></Attribute></Attributes><ChildElements/><ElementName>safety_controller</ElementName><required>false</required><KPositionAttribute z:Ref="i330"/><KVelocityAttribute z:Ref="i331"/><SoftLowerAttribute z:Ref="i329"/><SoftUpperAttribute z:Ref="i328"/></URDFElement><URDFElement z:Id="i332" i:type="Mimic"><Attributes><Attribute z:Id="i333"><AttributeType>joint</AttributeType><IsRequired>true</IsRequired><Value i:nil="true"/></Attribute><Attribute z:Id="i334"><AttributeType>multiplier</AttributeType><IsRequired>false</IsRequired><Value i:nil="true"/></Attribute><Attribute z:Id="i335"><AttributeType>offset</AttributeType><IsRequired>false</IsRequired><Value i:nil="true"/></Attribute></Attributes><ChildElements/><ElementName>mimic</ElementName><required>false</required><JointNameAttribute z:Ref="i333"/><MultiplierAttribute z:Ref="i334"/><OffsetAttribute z:Ref="i335"/></URDFElement></ChildElements><ElementName>joint</ElementName><required>false</required><Axis z:Ref="i314"/><AxisName>?????????4</AxisName><Calibration z:Ref="i321"/><Child z:Ref="i312"/><CoordinateSystemName>?????????10</CoordinateSystemName><Dynamics z:Ref="i324"/><Limit z:Ref="i316"/><Mimic z:Ref="i332"/><NameAttribute z:Ref="i305"/><Origin z:Ref="i307"/><Parent z:Ref="i310"/><Safety z:Ref="i327"/><TypeAttribute z:Ref="i306"/></URDFElement></ChildElements><ElementName>link</ElementName><required>true</required><Children/><Collision z:Ref="i297"/><Inertial z:Ref="i271"/><Joint z:Ref="i304"/><NameAttribute z:Ref="i270"/><Parent z:Ref="i1"/><STLQualityFine>false</STLQualityFine><SWComponentPIDs xmlns:a="http://schemas.microsoft.com/2003/10/Serialization/Arrays"><a:base64Binary>aEIAAAUAAAD//v8edQA4APR2cZo1gm6PLQAzAEAAQQBBAEEAO2DFiC8AdQA4AG6PUFsFU/aALQAxAEAAdQA4APR2cZo1gm6PBAAAABAAAAABAAAAAgAAAFkWAAAbAAAA</a:base64Binary><a:base64Binary>aEIAAAUAAAD//v8udQA4APR2cZo1gm6PLQAzAEAAQQBBAEEAO2DFiC8AVABtAG8AdABvAHIAIABVADgAIABMAGkAdABlACAATAAgAEsAVgAxADEAMAAtADEAQAB1ADgA9HZxmjWCbo8EAAAAEAAAAAEAAAACAAAAWRYAACoAAAA=</a:base64Binary></SWComponentPIDs><SWMainComponentPID i:nil="true"/><Visual z:Ref="i284"/><isFixedFrame>false</isFixedFrame><isIncomplete>false</isIncomplete></Link><Link z:Id="i336"><Attributes><Attribute z:Id="i337"><AttributeType>name</AttributeType><IsRequired>true</IsRequired><Value i:type="a:string" xmlns:a="http://www.w3.org/2001/XMLSchema">L_F_ST_Link</Value></Attribute></Attributes><ChildElements><URDFElement z:Id="i338" i:type="Inertial"><Attributes/><ChildElements><URDFElement z:Id="i339" i:type="Origin"><Attributes><Attribute z:Id="i340"><AttributeType>xyz</AttributeType><IsRequired>true</IsRequired><Value i:type="a:ArrayOfdouble" xmlns:a="http://schemas.microsoft.com/2003/10/Serialization/Arrays"><a:double>0</a:double><a:double>0</a:double><a:double>0</a:double></Value></Attribute><Attribute z:Id="i341"><AttributeType>rpy</AttributeType><IsRequired>true</IsRequired><Value i:type="a:ArrayOfdouble" xmlns:a="http://schemas.microsoft.com/2003/10/Serialization/Arrays"><a:double>0</a:double><a:double>0</a:double><a:double>0</a:double></Value></Attribute></Attributes><ChildElements/><ElementName>origin</ElementName><required>false</required><RPYAttribute z:Ref="i341"/><XYZAttribute z:Ref="i340"/><isCustomized>false</isCustomized></URDFElement><URDFElement z:Id="i342" i:type="Mass"><Attributes><Attribute z:Id="i343"><AttributeType>value</AttributeType><IsRequired>true</IsRequired><Value i:type="a:double" xmlns:a="http://www.w3.org/2001/XMLSchema">0</Value></Attribute></Attributes><ChildElements/><ElementName>mass</ElementName><required>false</required><ValueAttribute z:Ref="i343"/></URDFElement><URDFElement z:Id="i344" i:type="Inertia"><Attributes><Attribute z:Id="i345"><AttributeType>ixx</AttributeType><IsRequired>true</IsRequired><Value i:type="a:double" xmlns:a="http://www.w3.org/2001/XMLSchema">0</Value></Attribute><Attribute z:Id="i346"><AttributeType>ixy</AttributeType><IsRequired>true</IsRequired><Value i:type="a:double" xmlns:a="http://www.w3.org/2001/XMLSchema">0</Value></Attribute><Attribute z:Id="i347"><AttributeType>ixz</AttributeType><IsRequired>true</IsRequired><Value i:type="a:double" xmlns:a="http://www.w3.org/2001/XMLSchema">0</Value></Attribute><Attribute z:Id="i348"><AttributeType>iyy</AttributeType><IsRequired>true</IsRequired><Value i:type="a:double" xmlns:a="http://www.w3.org/2001/XMLSchema">0</Value></Attribute><Attribute z:Id="i349"><AttributeType>iyz</AttributeType><IsRequired>true</IsRequired><Value i:type="a:double" xmlns:a="http://www.w3.org/2001/XMLSchema">0</Value></Attribute><Attribute z:Id="i350"><AttributeType>izz</AttributeType><IsRequired>true</IsRequired><Value i:type="a:double" xmlns:a="http://www.w3.org/2001/XMLSchema">0</Value></Attribute></Attributes><ChildElements/><ElementName>inertia</ElementName><required>false</required><IxxAttribute z:Ref="i345"/><IxyAttribute z:Ref="i346"/><IxzAttribute z:Ref="i347"/><IyyAttribute z:Ref="i348"/><IyzAttribute z:Ref="i349"/><IzzAttribute z:Ref="i350"/></URDFElement></ChildElements><ElementName>inertial</ElementName><required>false</required><Inertia z:Ref="i344"/><Mass z:Ref="i342"/><Origin z:Ref="i339"/></URDFElement><URDFElement z:Id="i351" i:type="Visual"><Attributes/><ChildElements><URDFElement z:Id="i352" i:type="Origin"><Attributes><Attribute z:Id="i353"><AttributeType>xyz</AttributeType><IsRequired>true</IsRequired><Value i:type="a:ArrayOfdouble" xmlns:a="http://schemas.microsoft.com/2003/10/Serialization/Arrays"><a:double>0</a:double><a:double>0</a:double><a:double>0</a:double></Value></Attribute><Attribute z:Id="i354"><AttributeType>rpy</AttributeType><IsRequired>true</IsRequired><Value i:type="a:ArrayOfdouble" xmlns:a="http://schemas.microsoft.com/2003/10/Serialization/Arrays"><a:double>0</a:double><a:double>0</a:double><a:double>0</a:double></Value></Attribute></Attributes><ChildElements/><ElementName>origin</ElementName><required>false</required><RPYAttribute z:Ref="i354"/><XYZAttribute z:Ref="i353"/><isCustomized>false</isCustomized></URDFElement><URDFElement z:Id="i355" i:type="Geometry"><Attributes/><ChildElements><URDFElement z:Id="i356" i:type="Mesh"><Attributes><Attribute z:Id="i357"><AttributeType>filename</AttributeType><IsRequired>true</IsRequired><Value i:nil="true"/></Attribute></Attributes><ChildElements/><ElementName>mesh</ElementName><required>false</required><FilenameAttribute z:Ref="i357"/></URDFElement></ChildElements><ElementName>geometry</ElementName><required>true</required><Mesh z:Ref="i356"/></URDFElement><URDFElement z:Id="i358" i:type="Material"><Attributes><Attribute z:Id="i359"><AttributeType>name</AttributeType><IsRequired>true</IsRequired><Value i:type="a:string" xmlns:a="http://www.w3.org/2001/XMLSchema"/></Attribute></Attributes><ChildElements><URDFElement z:Id="i360" i:type="Color"><Attributes><Attribute z:Id="i361"><AttributeType>rgba</AttributeType><IsRequired>true</IsRequired><Value i:type="a:ArrayOfdouble" xmlns:a="http://schemas.microsoft.com/2003/10/Serialization/Arrays"><a:double>1</a:double><a:double>1</a:double><a:double>1</a:double><a:double>1</a:double></Value></Attribute></Attributes><ChildElements/><ElementName>color</ElementName><required>false</required><RGBAAttribute z:Ref="i361"/></URDFElement><URDFElement z:Id="i362" i:type="Texture"><Attributes><Attribute z:Id="i363"><AttributeType>filename</AttributeType><IsRequired>true</IsRequired><Value i:nil="true"/></Attribute></Attributes><ChildElements/><ElementName>texture</ElementName><required>false</required><FilenameAttribute z:Ref="i363"/><wFilename/></URDFElement></ChildElements><ElementName>material</ElementName><required>false</required><Color z:Ref="i360"/><NameAttribute z:Ref="i359"/><Texture z:Ref="i362"/></URDFElement></ChildElements><ElementName>visual</ElementName><required>false</required><Geometry z:Ref="i355"/><Material z:Ref="i358"/><Origin z:Ref="i352"/></URDFElement><URDFElement z:Id="i364" i:type="Collision"><Attributes/><ChildElements><URDFElement z:Id="i365" i:type="Origin"><Attributes><Attribute z:Id="i366"><AttributeType>xyz</AttributeType><IsRequired>true</IsRequired><Value i:type="a:ArrayOfdouble" xmlns:a="http://schemas.microsoft.com/2003/10/Serialization/Arrays"><a:double>0</a:double><a:double>0</a:double><a:double>0</a:double></Value></Attribute><Attribute z:Id="i367"><AttributeType>rpy</AttributeType><IsRequired>true</IsRequired><Value i:type="a:ArrayOfdouble" xmlns:a="http://schemas.microsoft.com/2003/10/Serialization/Arrays"><a:double>0</a:double><a:double>0</a:double><a:double>0</a:double></Value></Attribute></Attributes><ChildElements/><ElementName>origin</ElementName><required>false</required><RPYAttribute z:Ref="i367"/><XYZAttribute z:Ref="i366"/><isCustomized>false</isCustomized></URDFElement><URDFElement z:Id="i368" i:type="Geometry"><Attributes/><ChildElements><URDFElement z:Id="i369" i:type="Mesh"><Attributes><Attribute z:Id="i370"><AttributeType>filename</AttributeType><IsRequired>true</IsRequired><Value i:nil="true"/></Attribute></Attributes><ChildElements/><ElementName>mesh</ElementName><required>false</required><FilenameAttribute z:Ref="i370"/></URDFElement></ChildElements><ElementName>geometry</ElementName><required>true</required><Mesh z:Ref="i369"/></URDFElement></ChildElements><ElementName>collision</ElementName><required>false</required><Geometry z:Ref="i368"/><Origin z:Ref="i365"/></URDFElement><URDFElement z:Id="i371" i:type="Joint"><Attributes><Attribute z:Id="i372"><AttributeType>name</AttributeType><IsRequired>true</IsRequired><Value i:type="a:string" xmlns:a="http://www.w3.org/2001/XMLSchema">L_F_ST</Value></Attribute><Attribute z:Id="i373"><AttributeType>type</AttributeType><IsRequired>true</IsRequired><Value i:type="a:string" xmlns:a="http://www.w3.org/2001/XMLSchema">continuous</Value></Attribute></Attributes><ChildElements><URDFElement z:Id="i374" i:type="Origin"><Attributes><Attribute z:Id="i375"><AttributeType>xyz</AttributeType><IsRequired>true</IsRequired><Value i:type="a:ArrayOfdouble" xmlns:a="http://schemas.microsoft.com/2003/10/Serialization/Arrays"><a:double>0</a:double><a:double>0</a:double><a:double>0</a:double></Value></Attribute><Attribute z:Id="i376"><AttributeType>rpy</AttributeType><IsRequired>true</IsRequired><Value i:type="a:ArrayOfdouble" xmlns:a="http://schemas.microsoft.com/2003/10/Serialization/Arrays"><a:double>0</a:double><a:double>0</a:double><a:double>0</a:double></Value></Attribute></Attributes><ChildElements/><ElementName>origin</ElementName><required>false</required><RPYAttribute z:Ref="i376"/><XYZAttribute z:Ref="i375"/><isCustomized>false</isCustomized></URDFElement><URDFElement z:Id="i377" i:type="ParentLink"><Attributes><Attribute z:Id="i378"><AttributeType>link</AttributeType><IsRequired>true</IsRequired><Value i:type="a:string" xmlns:a="http://www.w3.org/2001/XMLSchema"/></Attribute></Attributes><ChildElements/><ElementName>parent</ElementName><required>true</required><NameAttribute z:Ref="i378"/></URDFElement><URDFElement z:Id="i379" i:type="ChildLink"><Attributes><Attribute z:Id="i380"><AttributeType>link</AttributeType><IsRequired>true</IsRequired><Value i:type="a:string" xmlns:a="http://www.w3.org/2001/XMLSchema"/></Attribute></Attributes><ChildElements/><ElementName>child</ElementName><required>true</required><NameAttribute z:Ref="i380"/></URDFElement><URDFElement z:Id="i381" i:type="Axis"><Attributes><Attribute z:Id="i382"><AttributeType>xyz</AttributeType><IsRequired>true</IsRequired><Value i:type="a:ArrayOfdouble" xmlns:a="http://schemas.microsoft.com/2003/10/Serialization/Arrays"><a:double>0</a:double><a:double>0</a:double><a:double>0</a:double></Value></Attribute></Attributes><ChildElements/><ElementName>axis</ElementName><required>false</required><XYZAttribute z:Ref="i382"/></URDFElement><URDFElement z:Id="i383" i:type="Limit"><Attributes><Attribute z:Id="i384"><AttributeType>lower</AttributeType><IsRequired>false</IsRequired><Value i:nil="true"/></Attribute><Attribute z:Id="i385"><AttributeType>upper</AttributeType><IsRequired>false</IsRequired><Value i:nil="true"/></Attribute><Attribute z:Id="i386"><AttributeType>effort</AttributeType><IsRequired>true</IsRequired><Value i:nil="true"/></Attribute><Attribute z:Id="i387"><AttributeType>velocity</AttributeType><IsRequired>true</IsRequired><Value i:nil="true"/></Attribute></Attributes><ChildElements/><ElementName>limit</ElementName><required>false</required><EffortAttribute z:Ref="i386"/><LowerAttribute z:Ref="i384"/><UpperAttribute z:Ref="i385"/><VelocityAttribute z:Ref="i387"/></URDFElement><URDFElement z:Id="i388" i:type="Calibration"><Attributes><Attribute z:Id="i389"><AttributeType>rising</AttributeType><IsRequired>false</IsRequired><Value i:nil="true"/></Attribute><Attribute z:Id="i390"><AttributeType>falling</AttributeType><IsRequired>false</IsRequired><Value i:nil="true"/></Attribute></Attributes><ChildElements/><ElementName>calibration</ElementName><required>false</required><FallingAttribute z:Ref="i390"/><RisingAttribute z:Ref="i389"/></URDFElement><URDFElement z:Id="i391" i:type="Dynamics"><Attributes><Attribute z:Id="i392"><AttributeType>damping</AttributeType><IsRequired>false</IsRequired><Value i:nil="true"/></Attribute><Attribute z:Id="i393"><AttributeType>friction</AttributeType><IsRequired>false</IsRequired><Value i:nil="true"/></Attribute></Attributes><ChildElements/><ElementName>dynamics</ElementName><required>false</required><DampingAttribute z:Ref="i392"/><FrictionAttribute z:Ref="i393"/></URDFElement><URDFElement z:Id="i394" i:type="SafetyController"><Attributes><Attribute z:Id="i395"><AttributeType>soft_upper_limit</AttributeType><IsRequired>false</IsRequired><Value i:nil="true"/></Attribute><Attribute z:Id="i396"><AttributeType>soft_lower_limit</AttributeType><IsRequired>false</IsRequired><Value i:nil="true"/></Attribute><Attribute z:Id="i397"><AttributeType>k_position</AttributeType><IsRequired>false</IsRequired><Value i:nil="true"/></Attribute><Attribute z:Id="i398"><AttributeType>k_velocity</AttributeType><IsRequired>true</IsRequired><Value i:nil="true"/></Attribute></Attributes><ChildElements/><ElementName>safety_controller</ElementName><required>false</required><KPositionAttribute z:Ref="i397"/><KVelocityAttribute z:Ref="i398"/><SoftLowerAttribute z:Ref="i396"/><SoftUpperAttribute z:Ref="i395"/></URDFElement><URDFElement z:Id="i399" i:type="Mimic"><Attributes><Attribute z:Id="i400"><AttributeType>joint</AttributeType><IsRequired>true</IsRequired><Value i:nil="true"/></Attribute><Attribute z:Id="i401"><AttributeType>multiplier</AttributeType><IsRequired>false</IsRequired><Value i:nil="true"/></Attribute><Attribute z:Id="i402"><AttributeType>offset</AttributeType><IsRequired>false</IsRequired><Value i:nil="true"/></Attribute></Attributes><ChildElements/><ElementName>mimic</ElementName><required>false</required><JointNameAttribute z:Ref="i400"/><MultiplierAttribute z:Ref="i401"/><OffsetAttribute z:Ref="i402"/></URDFElement></ChildElements><ElementName>joint</ElementName><required>false</required><Axis z:Ref="i381"/><AxisName>?????????5</AxisName><Calibration z:Ref="i388"/><Child z:Ref="i379"/><CoordinateSystemName>?????????11</CoordinateSystemName><Dynamics z:Ref="i391"/><Limit z:Ref="i383"/><Mimic z:Ref="i399"/><NameAttribute z:Ref="i372"/><Origin z:Ref="i374"/><Parent z:Ref="i377"/><Safety z:Ref="i394"/><TypeAttribute z:Ref="i373"/></URDFElement></ChildElements><ElementName>link</ElementName><required>true</required><Children><Link z:Id="i403"><Attributes><Attribute z:Id="i404"><AttributeType>name</AttributeType><IsRequired>true</IsRequired><Value i:type="a:string" xmlns:a="http://www.w3.org/2001/XMLSchema">L_F_S_wheel_Link</Value></Attribute></Attributes><ChildElements><URDFElement z:Id="i405" i:type="Inertial"><Attributes/><ChildElements><URDFElement z:Id="i406" i:type="Origin"><Attributes><Attribute z:Id="i407"><AttributeType>xyz</AttributeType><IsRequired>true</IsRequired><Value i:type="a:ArrayOfdouble" xmlns:a="http://schemas.microsoft.com/2003/10/Serialization/Arrays"><a:double>0</a:double><a:double>0</a:double><a:double>0</a:double></Value></Attribute><Attribute z:Id="i408"><AttributeType>rpy</AttributeType><IsRequired>true</IsRequired><Value i:type="a:ArrayOfdouble" xmlns:a="http://schemas.microsoft.com/2003/10/Serialization/Arrays"><a:double>0</a:double><a:double>0</a:double><a:double>0</a:double></Value></Attribute></Attributes><ChildElements/><ElementName>origin</ElementName><required>false</required><RPYAttribute z:Ref="i408"/><XYZAttribute z:Ref="i407"/><isCustomized>false</isCustomized></URDFElement><URDFElement z:Id="i409" i:type="Mass"><Attributes><Attribute z:Id="i410"><AttributeType>value</AttributeType><IsRequired>true</IsRequired><Value i:type="a:double" xmlns:a="http://www.w3.org/2001/XMLSchema">0</Value></Attribute></Attributes><ChildElements/><ElementName>mass</ElementName><required>false</required><ValueAttribute z:Ref="i410"/></URDFElement><URDFElement z:Id="i411" i:type="Inertia"><Attributes><Attribute z:Id="i412"><AttributeType>ixx</AttributeType><IsRequired>true</IsRequired><Value i:type="a:double" xmlns:a="http://www.w3.org/2001/XMLSchema">0</Value></Attribute><Attribute z:Id="i413"><AttributeType>ixy</AttributeType><IsRequired>true</IsRequired><Value i:type="a:double" xmlns:a="http://www.w3.org/2001/XMLSchema">0</Value></Attribute><Attribute z:Id="i414"><AttributeType>ixz</AttributeType><IsRequired>true</IsRequired><Value i:type="a:double" xmlns:a="http://www.w3.org/2001/XMLSchema">0</Value></Attribute><Attribute z:Id="i415"><AttributeType>iyy</AttributeType><IsRequired>true</IsRequired><Value i:type="a:double" xmlns:a="http://www.w3.org/2001/XMLSchema">0</Value></Attribute><Attribute z:Id="i416"><AttributeType>iyz</AttributeType><IsRequired>true</IsRequired><Value i:type="a:double" xmlns:a="http://www.w3.org/2001/XMLSchema">0</Value></Attribute><Attribute z:Id="i417"><AttributeType>izz</AttributeType><IsRequired>true</IsRequired><Value i:type="a:double" xmlns:a="http://www.w3.org/2001/XMLSchema">0</Value></Attribute></Attributes><ChildElements/><ElementName>inertia</ElementName><required>false</required><IxxAttribute z:Ref="i412"/><IxyAttribute z:Ref="i413"/><IxzAttribute z:Ref="i414"/><IyyAttribute z:Ref="i415"/><IyzAttribute z:Ref="i416"/><IzzAttribute z:Ref="i417"/></URDFElement></ChildElements><ElementName>inertial</ElementName><required>false</required><Inertia z:Ref="i411"/><Mass z:Ref="i409"/><Origin z:Ref="i406"/></URDFElement><URDFElement z:Id="i418" i:type="Visual"><Attributes/><ChildElements><URDFElement z:Id="i419" i:type="Origin"><Attributes><Attribute z:Id="i420"><AttributeType>xyz</AttributeType><IsRequired>true</IsRequired><Value i:type="a:ArrayOfdouble" xmlns:a="http://schemas.microsoft.com/2003/10/Serialization/Arrays"><a:double>0</a:double><a:double>0</a:double><a:double>0</a:double></Value></Attribute><Attribute z:Id="i421"><AttributeType>rpy</AttributeType><IsRequired>true</IsRequired><Value i:type="a:ArrayOfdouble" xmlns:a="http://schemas.microsoft.com/2003/10/Serialization/Arrays"><a:double>0</a:double><a:double>0</a:double><a:double>0</a:double></Value></Attribute></Attributes><ChildElements/><ElementName>origin</ElementName><required>false</required><RPYAttribute z:Ref="i421"/><XYZAttribute z:Ref="i420"/><isCustomized>false</isCustomized></URDFElement><URDFElement z:Id="i422" i:type="Geometry"><Attributes/><ChildElements><URDFElement z:Id="i423" i:type="Mesh"><Attributes><Attribute z:Id="i424"><AttributeType>filename</AttributeType><IsRequired>true</IsRequired><Value i:nil="true"/></Attribute></Attributes><ChildElements/><ElementName>mesh</ElementName><required>false</required><FilenameAttribute z:Ref="i424"/></URDFElement></ChildElements><ElementName>geometry</ElementName><required>true</required><Mesh z:Ref="i423"/></URDFElement><URDFElement z:Id="i425" i:type="Material"><Attributes><Attribute z:Id="i426"><AttributeType>name</AttributeType><IsRequired>true</IsRequired><Value i:type="a:string" xmlns:a="http://www.w3.org/2001/XMLSchema"/></Attribute></Attributes><ChildElements><URDFElement z:Id="i427" i:type="Color"><Attributes><Attribute z:Id="i428"><AttributeType>rgba</AttributeType><IsRequired>true</IsRequired><Value i:type="a:ArrayOfdouble" xmlns:a="http://schemas.microsoft.com/2003/10/Serialization/Arrays"><a:double>1</a:double><a:double>1</a:double><a:double>1</a:double><a:double>1</a:double></Value></Attribute></Attributes><ChildElements/><ElementName>color</ElementName><required>false</required><RGBAAttribute z:Ref="i428"/></URDFElement><URDFElement z:Id="i429" i:type="Texture"><Attributes><Attribute z:Id="i430"><AttributeType>filename</AttributeType><IsRequired>true</IsRequired><Value i:nil="true"/></Attribute></Attributes><ChildElements/><ElementName>texture</ElementName><required>false</required><FilenameAttribute z:Ref="i430"/><wFilename/></URDFElement></ChildElements><ElementName>material</ElementName><required>false</required><Color z:Ref="i427"/><NameAttribute z:Ref="i426"/><Texture z:Ref="i429"/></URDFElement></ChildElements><ElementName>visual</ElementName><required>false</required><Geometry z:Ref="i422"/><Material z:Ref="i425"/><Origin z:Ref="i419"/></URDFElement><URDFElement z:Id="i431" i:type="Collision"><Attributes/><ChildElements><URDFElement z:Id="i432" i:type="Origin"><Attributes><Attribute z:Id="i433"><AttributeType>xyz</AttributeType><IsRequired>true</IsRequired><Value i:type="a:ArrayOfdouble" xmlns:a="http://schemas.microsoft.com/2003/10/Serialization/Arrays"><a:double>0</a:double><a:double>0</a:double><a:double>0</a:double></Value></Attribute><Attribute z:Id="i434"><AttributeType>rpy</AttributeType><IsRequired>true</IsRequired><Value i:type="a:ArrayOfdouble" xmlns:a="http://schemas.microsoft.com/2003/10/Serialization/Arrays"><a:double>0</a:double><a:double>0</a:double><a:double>0</a:double></Value></Attribute></Attributes><ChildElements/><ElementName>origin</ElementName><required>false</required><RPYAttribute z:Ref="i434"/><XYZAttribute z:Ref="i433"/><isCustomized>false</isCustomized></URDFElement><URDFElement z:Id="i435" i:type="Geometry"><Attributes/><ChildElements><URDFElement z:Id="i436" i:type="Mesh"><Attributes><Attribute z:Id="i437"><AttributeType>filename</AttributeType><IsRequired>true</IsRequired><Value i:nil="true"/></Attribute></Attributes><ChildElements/><ElementName>mesh</ElementName><required>false</required><FilenameAttribute z:Ref="i437"/></URDFElement></ChildElements><ElementName>geometry</ElementName><required>true</required><Mesh z:Ref="i436"/></URDFElement></ChildElements><ElementName>collision</ElementName><required>false</required><Geometry z:Ref="i435"/><Origin z:Ref="i432"/></URDFElement><URDFElement z:Id="i438" i:type="Joint"><Attributes><Attribute z:Id="i439"><AttributeType>name</AttributeType><IsRequired>true</IsRequired><Value i:type="a:string" xmlns:a="http://www.w3.org/2001/XMLSchema">L_F_S_wheel</Value></Attribute><Attribute z:Id="i440"><AttributeType>type</AttributeType><IsRequired>true</IsRequired><Value i:type="a:string" xmlns:a="http://www.w3.org/2001/XMLSchema">continuous</Value></Attribute></Attributes><ChildElements><URDFElement z:Id="i441" i:type="Origin"><Attributes><Attribute z:Id="i442"><AttributeType>xyz</AttributeType><IsRequired>true</IsRequired><Value i:type="a:ArrayOfdouble" xmlns:a="http://schemas.microsoft.com/2003/10/Serialization/Arrays"><a:double>0</a:double><a:double>0</a:double><a:double>0</a:double></Value></Attribute><Attribute z:Id="i443"><AttributeType>rpy</AttributeType><IsRequired>true</IsRequired><Value i:type="a:ArrayOfdouble" xmlns:a="http://schemas.microsoft.com/2003/10/Serialization/Arrays"><a:double>0</a:double><a:double>0</a:double><a:double>0</a:double></Value></Attribute></Attributes><ChildElements/><ElementName>origin</ElementName><required>false</required><RPYAttribute z:Ref="i443"/><XYZAttribute z:Ref="i442"/><isCustomized>false</isCustomized></URDFElement><URDFElement z:Id="i444" i:type="ParentLink"><Attributes><Attribute z:Id="i445"><AttributeType>link</AttributeType><IsRequired>true</IsRequired><Value i:type="a:string" xmlns:a="http://www.w3.org/2001/XMLSchema"/></Attribute></Attributes><ChildElements/><ElementName>parent</ElementName><required>true</required><NameAttribute z:Ref="i445"/></URDFElement><URDFElement z:Id="i446" i:type="ChildLink"><Attributes><Attribute z:Id="i447"><AttributeType>link</AttributeType><IsRequired>true</IsRequired><Value i:type="a:string" xmlns:a="http://www.w3.org/2001/XMLSchema"/></Attribute></Attributes><ChildElements/><ElementName>child</ElementName><required>true</required><NameAttribute z:Ref="i447"/></URDFElement><URDFElement z:Id="i448" i:type="Axis"><Attributes><Attribute z:Id="i449"><AttributeType>xyz</AttributeType><IsRequired>true</IsRequired><Value i:type="a:ArrayOfdouble" xmlns:a="http://schemas.microsoft.com/2003/10/Serialization/Arrays"><a:double>0</a:double><a:double>0</a:double><a:double>0</a:double></Value></Attribute></Attributes><ChildElements/><ElementName>axis</ElementName><required>false</required><XYZAttribute z:Ref="i449"/></URDFElement><URDFElement z:Id="i450" i:type="Limit"><Attributes><Attribute z:Id="i451"><AttributeType>lower</AttributeType><IsRequired>false</IsRequired><Value i:nil="true"/></Attribute><Attribute z:Id="i452"><AttributeType>upper</AttributeType><IsRequired>false</IsRequired><Value i:nil="true"/></Attribute><Attribute z:Id="i453"><AttributeType>effort</AttributeType><IsRequired>true</IsRequired><Value i:nil="true"/></Attribute><Attribute z:Id="i454"><AttributeType>velocity</AttributeType><IsRequired>true</IsRequired><Value i:nil="true"/></Attribute></Attributes><ChildElements/><ElementName>limit</ElementName><required>false</required><EffortAttribute z:Ref="i453"/><LowerAttribute z:Ref="i451"/><UpperAttribute z:Ref="i452"/><VelocityAttribute z:Ref="i454"/></URDFElement><URDFElement z:Id="i455" i:type="Calibration"><Attributes><Attribute z:Id="i456"><AttributeType>rising</AttributeType><IsRequired>false</IsRequired><Value i:nil="true"/></Attribute><Attribute z:Id="i457"><AttributeType>falling</AttributeType><IsRequired>false</IsRequired><Value i:nil="true"/></Attribute></Attributes><ChildElements/><ElementName>calibration</ElementName><required>false</required><FallingAttribute z:Ref="i457"/><RisingAttribute z:Ref="i456"/></URDFElement><URDFElement z:Id="i458" i:type="Dynamics"><Attributes><Attribute z:Id="i459"><AttributeType>damping</AttributeType><IsRequired>false</IsRequired><Value i:nil="true"/></Attribute><Attribute z:Id="i460"><AttributeType>friction</AttributeType><IsRequired>false</IsRequired><Value i:nil="true"/></Attribute></Attributes><ChildElements/><ElementName>dynamics</ElementName><required>false</required><DampingAttribute z:Ref="i459"/><FrictionAttribute z:Ref="i460"/></URDFElement><URDFElement z:Id="i461" i:type="SafetyController"><Attributes><Attribute z:Id="i462"><AttributeType>soft_upper_limit</AttributeType><IsRequired>false</IsRequired><Value i:nil="true"/></Attribute><Attribute z:Id="i463"><AttributeType>soft_lower_limit</AttributeType><IsRequired>false</IsRequired><Value i:nil="true"/></Attribute><Attribute z:Id="i464"><AttributeType>k_position</AttributeType><IsRequired>false</IsRequired><Value i:nil="true"/></Attribute><Attribute z:Id="i465"><AttributeType>k_velocity</AttributeType><IsRequired>true</IsRequired><Value i:nil="true"/></Attribute></Attributes><ChildElements/><ElementName>safety_controller</ElementName><required>false</required><KPositionAttribute z:Ref="i464"/><KVelocityAttribute z:Ref="i465"/><SoftLowerAttribute z:Ref="i463"/><SoftUpperAttribute z:Ref="i462"/></URDFElement><URDFElement z:Id="i466" i:type="Mimic"><Attributes><Attribute z:Id="i467"><AttributeType>joint</AttributeType><IsRequired>true</IsRequired><Value i:nil="true"/></Attribute><Attribute z:Id="i468"><AttributeType>multiplier</AttributeType><IsRequired>false</IsRequired><Value i:nil="true"/></Attribute><Attribute z:Id="i469"><AttributeType>offset</AttributeType><IsRequired>false</IsRequired><Value i:nil="true"/></Attribute></Attributes><ChildElements/><ElementName>mimic</ElementName><required>false</required><JointNameAttribute z:Ref="i467"/><MultiplierAttribute z:Ref="i468"/><OffsetAttribute z:Ref="i469"/></URDFElement></ChildElements><ElementName>joint</ElementName><required>false</required><Axis z:Ref="i448"/><AxisName>?????????9</AxisName><Calibration z:Ref="i455"/><Child z:Ref="i446"/><CoordinateSystemName>?????????15</CoordinateSystemName><Dynamics z:Ref="i458"/><Limit z:Ref="i450"/><Mimic z:Ref="i466"/><NameAttribute z:Ref="i439"/><Origin z:Ref="i441"/><Parent z:Ref="i444"/><Safety z:Ref="i461"/><TypeAttribute z:Ref="i440"/></URDFElement></ChildElements><ElementName>link</ElementName><required>true</required><Children/><Collision z:Ref="i431"/><Inertial z:Ref="i405"/><Joint z:Ref="i438"/><NameAttribute z:Ref="i404"/><Parent z:Ref="i336"/><STLQualityFine>false</STLQualityFine><SWComponentPIDs xmlns:a="http://schemas.microsoft.com/2003/10/Serialization/Arrays"><a:base64Binary>aEIAAAUAAAD//v8VkWRGZy0AMQBAAEEAQQBBADtgxYgvAAdoxlEPXG6PUFstADEAQACRZEZnBAAAABAAAAABAAAAAgAAAKsGAAAhAAAA</a:base64Binary></SWComponentPIDs><SWMainComponentPID i:nil="true"/><Visual z:Ref="i418"/><isFixedFrame>false</isFixedFrame><isIncomplete>false</isIncomplete></Link></Children><Collision z:Ref="i364"/><Inertial z:Ref="i338"/><Joint z:Ref="i371"/><NameAttribute z:Ref="i337"/><Parent z:Ref="i1"/><STLQualityFine>false</STLQualityFine><SWComponentPIDs xmlns:a="http://schemas.microsoft.com/2003/10/Serialization/Arrays"><a:base64Binary>aEIAAAUAAAD//v8TkWRGZy0AMQBAAEEAQQBBADtgxYgvALBlGoGRZC0AMQBAAJFkRmcEAAAAEAAAAAEAAAACAAAAqwYAABsAAAA=</a:base64Binary><a:base64Binary>aEIAAAUAAAD//v8TkWRGZy0AMQBAAEEAQQBBADtgxYgvALBlGoGRZC0AMgBAAJFkRmcEAAAAEAAAAAEAAAACAAAAqwYAABwAAAA=</a:base64Binary><a:base64Binary>aEIAAAUAAAD//v8YkWRGZy0AMQBAAEEAQQBBADtgxYgvAAlO0omRZHSPf2IWWSFjCFctADEAQACRZEZnBAAAABAAAAABAAAAAgAAAKsGAABrAAAA</a:base64Binary><a:base64Binary>aEIAAAUAAAD//v8XkWRGZy0AMQBAAEEAQQBBADtgxYgvAAlO0omRZDV1Omfej6VjLQAxAEAAkWRGZwQAAAAQAAAAAQAAAAIAAACrBgAAbAAAAA==</a:base64Binary><a:base64Binary>aEIAAAUAAAD//v8YkWRGZy0AMQBAAEEAQQBBADtgxYgvAAlO0omRZHSPf2KFUSFjCFctADEAQACRZEZnBAAAABAAAAABAAAAAgAAAKsGAAB3AAAA</a:base64Binary><a:base64Binary>aEIAAAUAAAD//v8akWRGZy0AMQBAAEEAQQBBADtgxYgvAIVRMwA1ABZZNAA3AISFwVh0j39iLQAxAEAAkWRGZwQAAAAQAAAAAQAAAAIAAACrBgAAegAAAA==</a:base64Binary><a:base64Binary>aEIAAAUAAAD//v8UkWRGZy0AMQBAAEEAQQBBADtgxYgvAJFkRmefU7lwLQAxAEAAkWRGZwQAAAAQAAAAAQAAAAIAAACrBgAAWgAAAA==</a:base64Binary></SWComponentPIDs><SWMainComponentPID i:nil="true"/><Visual z:Ref="i351"/><isFixedFrame>false</isFixedFrame><isIncomplete>false</isIncomplete></Link><Link z:Id="i470"><Attributes><Attribute z:Id="i471"><AttributeType>name</AttributeType><IsRequired>true</IsRequired><Value i:type="a:string" xmlns:a="http://www.w3.org/2001/XMLSchema">L_B_ST_Link</Value></Attribute></Attributes><ChildElements><URDFElement z:Id="i472" i:type="Inertial"><Attributes/><ChildElements><URDFElement z:Id="i473" i:type="Origin"><Attributes><Attribute z:Id="i474"><AttributeType>xyz</AttributeType><IsRequired>true</IsRequired><Value i:type="a:ArrayOfdouble" xmlns:a="http://schemas.microsoft.com/2003/10/Serialization/Arrays"><a:double>0</a:double><a:double>0</a:double><a:double>0</a:double></Value></Attribute><Attribute z:Id="i475"><AttributeType>rpy</AttributeType><IsRequired>true</IsRequired><Value i:type="a:ArrayOfdouble" xmlns:a="http://schemas.microsoft.com/2003/10/Serialization/Arrays"><a:double>0</a:double><a:double>0</a:double><a:double>0</a:double></Value></Attribute></Attributes><ChildElements/><ElementName>origin</ElementName><required>false</required><RPYAttribute z:Ref="i475"/><XYZAttribute z:Ref="i474"/><isCustomized>false</isCustomized></URDFElement><URDFElement z:Id="i476" i:type="Mass"><Attributes><Attribute z:Id="i477"><AttributeType>value</AttributeType><IsRequired>true</IsRequired><Value i:type="a:double" xmlns:a="http://www.w3.org/2001/XMLSchema">0</Value></Attribute></Attributes><ChildElements/><ElementName>mass</ElementName><required>false</required><ValueAttribute z:Ref="i477"/></URDFElement><URDFElement z:Id="i478" i:type="Inertia"><Attributes><Attribute z:Id="i479"><AttributeType>ixx</AttributeType><IsRequired>true</IsRequired><Value i:type="a:double" xmlns:a="http://www.w3.org/2001/XMLSchema">0</Value></Attribute><Attribute z:Id="i480"><AttributeType>ixy</AttributeType><IsRequired>true</IsRequired><Value i:type="a:double" xmlns:a="http://www.w3.org/2001/XMLSchema">0</Value></Attribute><Attribute z:Id="i481"><AttributeType>ixz</AttributeType><IsRequired>true</IsRequired><Value i:type="a:double" xmlns:a="http://www.w3.org/2001/XMLSchema">0</Value></Attribute><Attribute z:Id="i482"><AttributeType>iyy</AttributeType><IsRequired>true</IsRequired><Value i:type="a:double" xmlns:a="http://www.w3.org/2001/XMLSchema">0</Value></Attribute><Attribute z:Id="i483"><AttributeType>iyz</AttributeType><IsRequired>true</IsRequired><Value i:type="a:double" xmlns:a="http://www.w3.org/2001/XMLSchema">0</Value></Attribute><Attribute z:Id="i484"><AttributeType>izz</AttributeType><IsRequired>true</IsRequired><Value i:type="a:double" xmlns:a="http://www.w3.org/2001/XMLSchema">0</Value></Attribute></Attributes><ChildElements/><ElementName>inertia</ElementName><required>false</required><IxxAttribute z:Ref="i479"/><IxyAttribute z:Ref="i480"/><IxzAttribute z:Ref="i481"/><IyyAttribute z:Ref="i482"/><IyzAttribute z:Ref="i483"/><IzzAttribute z:Ref="i484"/></URDFElement></ChildElements><ElementName>inertial</ElementName><required>false</required><Inertia z:Ref="i478"/><Mass z:Ref="i476"/><Origin z:Ref="i473"/></URDFElement><URDFElement z:Id="i485" i:type="Visual"><Attributes/><ChildElements><URDFElement z:Id="i486" i:type="Origin"><Attributes><Attribute z:Id="i487"><AttributeType>xyz</AttributeType><IsRequired>true</IsRequired><Value i:type="a:ArrayOfdouble" xmlns:a="http://schemas.microsoft.com/2003/10/Serialization/Arrays"><a:double>0</a:double><a:double>0</a:double><a:double>0</a:double></Value></Attribute><Attribute z:Id="i488"><AttributeType>rpy</AttributeType><IsRequired>true</IsRequired><Value i:type="a:ArrayOfdouble" xmlns:a="http://schemas.microsoft.com/2003/10/Serialization/Arrays"><a:double>0</a:double><a:double>0</a:double><a:double>0</a:double></Value></Attribute></Attributes><ChildElements/><ElementName>origin</ElementName><required>false</required><RPYAttribute z:Ref="i488"/><XYZAttribute z:Ref="i487"/><isCustomized>false</isCustomized></URDFElement><URDFElement z:Id="i489" i:type="Geometry"><Attributes/><ChildElements><URDFElement z:Id="i490" i:type="Mesh"><Attributes><Attribute z:Id="i491"><AttributeType>filename</AttributeType><IsRequired>true</IsRequired><Value i:nil="true"/></Attribute></Attributes><ChildElements/><ElementName>mesh</ElementName><required>false</required><FilenameAttribute z:Ref="i491"/></URDFElement></ChildElements><ElementName>geometry</ElementName><required>true</required><Mesh z:Ref="i490"/></URDFElement><URDFElement z:Id="i492" i:type="Material"><Attributes><Attribute z:Id="i493"><AttributeType>name</AttributeType><IsRequired>true</IsRequired><Value i:type="a:string" xmlns:a="http://www.w3.org/2001/XMLSchema"/></Attribute></Attributes><ChildElements><URDFElement z:Id="i494" i:type="Color"><Attributes><Attribute z:Id="i495"><AttributeType>rgba</AttributeType><IsRequired>true</IsRequired><Value i:type="a:ArrayOfdouble" xmlns:a="http://schemas.microsoft.com/2003/10/Serialization/Arrays"><a:double>1</a:double><a:double>1</a:double><a:double>1</a:double><a:double>1</a:double></Value></Attribute></Attributes><ChildElements/><ElementName>color</ElementName><required>false</required><RGBAAttribute z:Ref="i495"/></URDFElement><URDFElement z:Id="i496" i:type="Texture"><Attributes><Attribute z:Id="i497"><AttributeType>filename</AttributeType><IsRequired>true</IsRequired><Value i:nil="true"/></Attribute></Attributes><ChildElements/><ElementName>texture</ElementName><required>false</required><FilenameAttribute z:Ref="i497"/><wFilename/></URDFElement></ChildElements><ElementName>material</ElementName><required>false</required><Color z:Ref="i494"/><NameAttribute z:Ref="i493"/><Texture z:Ref="i496"/></URDFElement></ChildElements><ElementName>visual</ElementName><required>false</required><Geometry z:Ref="i489"/><Material z:Ref="i492"/><Origin z:Ref="i486"/></URDFElement><URDFElement z:Id="i498" i:type="Collision"><Attributes/><ChildElements><URDFElement z:Id="i499" i:type="Origin"><Attributes><Attribute z:Id="i500"><AttributeType>xyz</AttributeType><IsRequired>true</IsRequired><Value i:type="a:ArrayOfdouble" xmlns:a="http://schemas.microsoft.com/2003/10/Serialization/Arrays"><a:double>0</a:double><a:double>0</a:double><a:double>0</a:double></Value></Attribute><Attribute z:Id="i501"><AttributeType>rpy</AttributeType><IsRequired>true</IsRequired><Value i:type="a:ArrayOfdouble" xmlns:a="http://schemas.microsoft.com/2003/10/Serialization/Arrays"><a:double>0</a:double><a:double>0</a:double><a:double>0</a:double></Value></Attribute></Attributes><ChildElements/><ElementName>origin</ElementName><required>false</required><RPYAttribute z:Ref="i501"/><XYZAttribute z:Ref="i500"/><isCustomized>false</isCustomized></URDFElement><URDFElement z:Id="i502" i:type="Geometry"><Attributes/><ChildElements><URDFElement z:Id="i503" i:type="Mesh"><Attributes><Attribute z:Id="i504"><AttributeType>filename</AttributeType><IsRequired>true</IsRequired><Value i:nil="true"/></Attribute></Attributes><ChildElements/><ElementName>mesh</ElementName><required>false</required><FilenameAttribute z:Ref="i504"/></URDFElement></ChildElements><ElementName>geometry</ElementName><required>true</required><Mesh z:Ref="i503"/></URDFElement></ChildElements><ElementName>collision</ElementName><required>false</required><Geometry z:Ref="i502"/><Origin z:Ref="i499"/></URDFElement><URDFElement z:Id="i505" i:type="Joint"><Attributes><Attribute z:Id="i506"><AttributeType>name</AttributeType><IsRequired>true</IsRequired><Value i:type="a:string" xmlns:a="http://www.w3.org/2001/XMLSchema">L_B_ST</Value></Attribute><Attribute z:Id="i507"><AttributeType>type</AttributeType><IsRequired>true</IsRequired><Value i:type="a:string" xmlns:a="http://www.w3.org/2001/XMLSchema">continuous</Value></Attribute></Attributes><ChildElements><URDFElement z:Id="i508" i:type="Origin"><Attributes><Attribute z:Id="i509"><AttributeType>xyz</AttributeType><IsRequired>true</IsRequired><Value i:type="a:ArrayOfdouble" xmlns:a="http://schemas.microsoft.com/2003/10/Serialization/Arrays"><a:double>0</a:double><a:double>0</a:double><a:double>0</a:double></Value></Attribute><Attribute z:Id="i510"><AttributeType>rpy</AttributeType><IsRequired>true</IsRequired><Value i:type="a:ArrayOfdouble" xmlns:a="http://schemas.microsoft.com/2003/10/Serialization/Arrays"><a:double>0</a:double><a:double>0</a:double><a:double>0</a:double></Value></Attribute></Attributes><ChildElements/><ElementName>origin</ElementName><required>false</required><RPYAttribute z:Ref="i510"/><XYZAttribute z:Ref="i509"/><isCustomized>false</isCustomized></URDFElement><URDFElement z:Id="i511" i:type="ParentLink"><Attributes><Attribute z:Id="i512"><AttributeType>link</AttributeType><IsRequired>true</IsRequired><Value i:type="a:string" xmlns:a="http://www.w3.org/2001/XMLSchema"/></Attribute></Attributes><ChildElements/><ElementName>parent</ElementName><required>true</required><NameAttribute z:Ref="i512"/></URDFElement><URDFElement z:Id="i513" i:type="ChildLink"><Attributes><Attribute z:Id="i514"><AttributeType>link</AttributeType><IsRequired>true</IsRequired><Value i:type="a:string" xmlns:a="http://www.w3.org/2001/XMLSchema"/></Attribute></Attributes><ChildElements/><ElementName>child</ElementName><required>true</required><NameAttribute z:Ref="i514"/></URDFElement><URDFElement z:Id="i515" i:type="Axis"><Attributes><Attribute z:Id="i516"><AttributeType>xyz</AttributeType><IsRequired>true</IsRequired><Value i:type="a:ArrayOfdouble" xmlns:a="http://schemas.microsoft.com/2003/10/Serialization/Arrays"><a:double>0</a:double><a:double>0</a:double><a:double>0</a:double></Value></Attribute></Attributes><ChildElements/><ElementName>axis</ElementName><required>false</required><XYZAttribute z:Ref="i516"/></URDFElement><URDFElement z:Id="i517" i:type="Limit"><Attributes><Attribute z:Id="i518"><AttributeType>lower</AttributeType><IsRequired>false</IsRequired><Value i:nil="true"/></Attribute><Attribute z:Id="i519"><AttributeType>upper</AttributeType><IsRequired>false</IsRequired><Value i:nil="true"/></Attribute><Attribute z:Id="i520"><AttributeType>effort</AttributeType><IsRequired>true</IsRequired><Value i:nil="true"/></Attribute><Attribute z:Id="i521"><AttributeType>velocity</AttributeType><IsRequired>true</IsRequired><Value i:nil="true"/></Attribute></Attributes><ChildElements/><ElementName>limit</ElementName><required>false</required><EffortAttribute z:Ref="i520"/><LowerAttribute z:Ref="i518"/><UpperAttribute z:Ref="i519"/><VelocityAttribute z:Ref="i521"/></URDFElement><URDFElement z:Id="i522" i:type="Calibration"><Attributes><Attribute z:Id="i523"><AttributeType>rising</AttributeType><IsRequired>false</IsRequired><Value i:nil="true"/></Attribute><Attribute z:Id="i524"><AttributeType>falling</AttributeType><IsRequired>false</IsRequired><Value i:nil="true"/></Attribute></Attributes><ChildElements/><ElementName>calibration</ElementName><required>false</required><FallingAttribute z:Ref="i524"/><RisingAttribute z:Ref="i523"/></URDFElement><URDFElement z:Id="i525" i:type="Dynamics"><Attributes><Attribute z:Id="i526"><AttributeType>damping</AttributeType><IsRequired>false</IsRequired><Value i:nil="true"/></Attribute><Attribute z:Id="i527"><AttributeType>friction</AttributeType><IsRequired>false</IsRequired><Value i:nil="true"/></Attribute></Attributes><ChildElements/><ElementName>dynamics</ElementName><required>false</required><DampingAttribute z:Ref="i526"/><FrictionAttribute z:Ref="i527"/></URDFElement><URDFElement z:Id="i528" i:type="SafetyController"><Attributes><Attribute z:Id="i529"><AttributeType>soft_upper_limit</AttributeType><IsRequired>false</IsRequired><Value i:nil="true"/></Attribute><Attribute z:Id="i530"><AttributeType>soft_lower_limit</AttributeType><IsRequired>false</IsRequired><Value i:nil="true"/></Attribute><Attribute z:Id="i531"><AttributeType>k_position</AttributeType><IsRequired>false</IsRequired><Value i:nil="true"/></Attribute><Attribute z:Id="i532"><AttributeType>k_velocity</AttributeType><IsRequired>true</IsRequired><Value i:nil="true"/></Attribute></Attributes><ChildElements/><ElementName>safety_controller</ElementName><required>false</required><KPositionAttribute z:Ref="i531"/><KVelocityAttribute z:Ref="i532"/><SoftLowerAttribute z:Ref="i530"/><SoftUpperAttribute z:Ref="i529"/></URDFElement><URDFElement z:Id="i533" i:type="Mimic"><Attributes><Attribute z:Id="i534"><AttributeType>joint</AttributeType><IsRequired>true</IsRequired><Value i:nil="true"/></Attribute><Attribute z:Id="i535"><AttributeType>multiplier</AttributeType><IsRequired>false</IsRequired><Value i:nil="true"/></Attribute><Attribute z:Id="i536"><AttributeType>offset</AttributeType><IsRequired>false</IsRequired><Value i:nil="true"/></Attribute></Attributes><ChildElements/><ElementName>mimic</ElementName><required>false</required><JointNameAttribute z:Ref="i534"/><MultiplierAttribute z:Ref="i535"/><OffsetAttribute z:Ref="i536"/></URDFElement></ChildElements><ElementName>joint</ElementName><required>false</required><Axis z:Ref="i515"/><AxisName>?????????6</AxisName><Calibration z:Ref="i522"/><Child z:Ref="i513"/><CoordinateSystemName>?????????12</CoordinateSystemName><Dynamics z:Ref="i525"/><Limit z:Ref="i517"/><Mimic z:Ref="i533"/><NameAttribute z:Ref="i506"/><Origin z:Ref="i508"/><Parent z:Ref="i511"/><Safety z:Ref="i528"/><TypeAttribute z:Ref="i507"/></URDFElement></ChildElements><ElementName>link</ElementName><required>true</required><Children><Link z:Id="i537"><Attributes><Attribute z:Id="i538"><AttributeType>name</AttributeType><IsRequired>true</IsRequired><Value i:type="a:string" xmlns:a="http://www.w3.org/2001/XMLSchema">L_B_S_wheel_Link</Value></Attribute></Attributes><ChildElements><URDFElement z:Id="i539" i:type="Inertial"><Attributes/><ChildElements><URDFElement z:Id="i540" i:type="Origin"><Attributes><Attribute z:Id="i541"><AttributeType>xyz</AttributeType><IsRequired>true</IsRequired><Value i:type="a:ArrayOfdouble" xmlns:a="http://schemas.microsoft.com/2003/10/Serialization/Arrays"><a:double>0</a:double><a:double>0</a:double><a:double>0</a:double></Value></Attribute><Attribute z:Id="i542"><AttributeType>rpy</AttributeType><IsRequired>true</IsRequired><Value i:type="a:ArrayOfdouble" xmlns:a="http://schemas.microsoft.com/2003/10/Serialization/Arrays"><a:double>0</a:double><a:double>0</a:double><a:double>0</a:double></Value></Attribute></Attributes><ChildElements/><ElementName>origin</ElementName><required>false</required><RPYAttribute z:Ref="i542"/><XYZAttribute z:Ref="i541"/><isCustomized>false</isCustomized></URDFElement><URDFElement z:Id="i543" i:type="Mass"><Attributes><Attribute z:Id="i544"><AttributeType>value</AttributeType><IsRequired>true</IsRequired><Value i:type="a:double" xmlns:a="http://www.w3.org/2001/XMLSchema">0</Value></Attribute></Attributes><ChildElements/><ElementName>mass</ElementName><required>false</required><ValueAttribute z:Ref="i544"/></URDFElement><URDFElement z:Id="i545" i:type="Inertia"><Attributes><Attribute z:Id="i546"><AttributeType>ixx</AttributeType><IsRequired>true</IsRequired><Value i:type="a:double" xmlns:a="http://www.w3.org/2001/XMLSchema">0</Value></Attribute><Attribute z:Id="i547"><AttributeType>ixy</AttributeType><IsRequired>true</IsRequired><Value i:type="a:double" xmlns:a="http://www.w3.org/2001/XMLSchema">0</Value></Attribute><Attribute z:Id="i548"><AttributeType>ixz</AttributeType><IsRequired>true</IsRequired><Value i:type="a:double" xmlns:a="http://www.w3.org/2001/XMLSchema">0</Value></Attribute><Attribute z:Id="i549"><AttributeType>iyy</AttributeType><IsRequired>true</IsRequired><Value i:type="a:double" xmlns:a="http://www.w3.org/2001/XMLSchema">0</Value></Attribute><Attribute z:Id="i550"><AttributeType>iyz</AttributeType><IsRequired>true</IsRequired><Value i:type="a:double" xmlns:a="http://www.w3.org/2001/XMLSchema">0</Value></Attribute><Attribute z:Id="i551"><AttributeType>izz</AttributeType><IsRequired>true</IsRequired><Value i:type="a:double" xmlns:a="http://www.w3.org/2001/XMLSchema">0</Value></Attribute></Attributes><ChildElements/><ElementName>inertia</ElementName><required>false</required><IxxAttribute z:Ref="i546"/><IxyAttribute z:Ref="i547"/><IxzAttribute z:Ref="i548"/><IyyAttribute z:Ref="i549"/><IyzAttribute z:Ref="i550"/><IzzAttribute z:Ref="i551"/></URDFElement></ChildElements><ElementName>inertial</ElementName><required>false</required><Inertia z:Ref="i545"/><Mass z:Ref="i543"/><Origin z:Ref="i540"/></URDFElement><URDFElement z:Id="i552" i:type="Visual"><Attributes/><ChildElements><URDFElement z:Id="i553" i:type="Origin"><Attributes><Attribute z:Id="i554"><AttributeType>xyz</AttributeType><IsRequired>true</IsRequired><Value i:type="a:ArrayOfdouble" xmlns:a="http://schemas.microsoft.com/2003/10/Serialization/Arrays"><a:double>0</a:double><a:double>0</a:double><a:double>0</a:double></Value></Attribute><Attribute z:Id="i555"><AttributeType>rpy</AttributeType><IsRequired>true</IsRequired><Value i:type="a:ArrayOfdouble" xmlns:a="http://schemas.microsoft.com/2003/10/Serialization/Arrays"><a:double>0</a:double><a:double>0</a:double><a:double>0</a:double></Value></Attribute></Attributes><ChildElements/><ElementName>origin</ElementName><required>false</required><RPYAttribute z:Ref="i555"/><XYZAttribute z:Ref="i554"/><isCustomized>false</isCustomized></URDFElement><URDFElement z:Id="i556" i:type="Geometry"><Attributes/><ChildElements><URDFElement z:Id="i557" i:type="Mesh"><Attributes><Attribute z:Id="i558"><AttributeType>filename</AttributeType><IsRequired>true</IsRequired><Value i:nil="true"/></Attribute></Attributes><ChildElements/><ElementName>mesh</ElementName><required>false</required><FilenameAttribute z:Ref="i558"/></URDFElement></ChildElements><ElementName>geometry</ElementName><required>true</required><Mesh z:Ref="i557"/></URDFElement><URDFElement z:Id="i559" i:type="Material"><Attributes><Attribute z:Id="i560"><AttributeType>name</AttributeType><IsRequired>true</IsRequired><Value i:type="a:string" xmlns:a="http://www.w3.org/2001/XMLSchema"/></Attribute></Attributes><ChildElements><URDFElement z:Id="i561" i:type="Color"><Attributes><Attribute z:Id="i562"><AttributeType>rgba</AttributeType><IsRequired>true</IsRequired><Value i:type="a:ArrayOfdouble" xmlns:a="http://schemas.microsoft.com/2003/10/Serialization/Arrays"><a:double>1</a:double><a:double>1</a:double><a:double>1</a:double><a:double>1</a:double></Value></Attribute></Attributes><ChildElements/><ElementName>color</ElementName><required>false</required><RGBAAttribute z:Ref="i562"/></URDFElement><URDFElement z:Id="i563" i:type="Texture"><Attributes><Attribute z:Id="i564"><AttributeType>filename</AttributeType><IsRequired>true</IsRequired><Value i:nil="true"/></Attribute></Attributes><ChildElements/><ElementName>texture</ElementName><required>false</required><FilenameAttribute z:Ref="i564"/><wFilename/></URDFElement></ChildElements><ElementName>material</ElementName><required>false</required><Color z:Ref="i561"/><NameAttribute z:Ref="i560"/><Texture z:Ref="i563"/></URDFElement></ChildElements><ElementName>visual</ElementName><required>false</required><Geometry z:Ref="i556"/><Material z:Ref="i559"/><Origin z:Ref="i553"/></URDFElement><URDFElement z:Id="i565" i:type="Collision"><Attributes/><ChildElements><URDFElement z:Id="i566" i:type="Origin"><Attributes><Attribute z:Id="i567"><AttributeType>xyz</AttributeType><IsRequired>true</IsRequired><Value i:type="a:ArrayOfdouble" xmlns:a="http://schemas.microsoft.com/2003/10/Serialization/Arrays"><a:double>0</a:double><a:double>0</a:double><a:double>0</a:double></Value></Attribute><Attribute z:Id="i568"><AttributeType>rpy</AttributeType><IsRequired>true</IsRequired><Value i:type="a:ArrayOfdouble" xmlns:a="http://schemas.microsoft.com/2003/10/Serialization/Arrays"><a:double>0</a:double><a:double>0</a:double><a:double>0</a:double></Value></Attribute></Attributes><ChildElements/><ElementName>origin</ElementName><required>false</required><RPYAttribute z:Ref="i568"/><XYZAttribute z:Ref="i567"/><isCustomized>false</isCustomized></URDFElement><URDFElement z:Id="i569" i:type="Geometry"><Attributes/><ChildElements><URDFElement z:Id="i570" i:type="Mesh"><Attributes><Attribute z:Id="i571"><AttributeType>filename</AttributeType><IsRequired>true</IsRequired><Value i:nil="true"/></Attribute></Attributes><ChildElements/><ElementName>mesh</ElementName><required>false</required><FilenameAttribute z:Ref="i571"/></URDFElement></ChildElements><ElementName>geometry</ElementName><required>true</required><Mesh z:Ref="i570"/></URDFElement></ChildElements><ElementName>collision</ElementName><required>false</required><Geometry z:Ref="i569"/><Origin z:Ref="i566"/></URDFElement><URDFElement z:Id="i572" i:type="Joint"><Attributes><Attribute z:Id="i573"><AttributeType>name</AttributeType><IsRequired>true</IsRequired><Value i:type="a:string" xmlns:a="http://www.w3.org/2001/XMLSchema">L_B_S_wheel</Value></Attribute><Attribute z:Id="i574"><AttributeType>type</AttributeType><IsRequired>true</IsRequired><Value i:type="a:string" xmlns:a="http://www.w3.org/2001/XMLSchema">continuous</Value></Attribute></Attributes><ChildElements><URDFElement z:Id="i575" i:type="Origin"><Attributes><Attribute z:Id="i576"><AttributeType>xyz</AttributeType><IsRequired>true</IsRequired><Value i:type="a:ArrayOfdouble" xmlns:a="http://schemas.microsoft.com/2003/10/Serialization/Arrays"><a:double>0</a:double><a:double>0</a:double><a:double>0</a:double></Value></Attribute><Attribute z:Id="i577"><AttributeType>rpy</AttributeType><IsRequired>true</IsRequired><Value i:type="a:ArrayOfdouble" xmlns:a="http://schemas.microsoft.com/2003/10/Serialization/Arrays"><a:double>0</a:double><a:double>0</a:double><a:double>0</a:double></Value></Attribute></Attributes><ChildElements/><ElementName>origin</ElementName><required>false</required><RPYAttribute z:Ref="i577"/><XYZAttribute z:Ref="i576"/><isCustomized>false</isCustomized></URDFElement><URDFElement z:Id="i578" i:type="ParentLink"><Attributes><Attribute z:Id="i579"><AttributeType>link</AttributeType><IsRequired>true</IsRequired><Value i:type="a:string" xmlns:a="http://www.w3.org/2001/XMLSchema"/></Attribute></Attributes><ChildElements/><ElementName>parent</ElementName><required>true</required><NameAttribute z:Ref="i579"/></URDFElement><URDFElement z:Id="i580" i:type="ChildLink"><Attributes><Attribute z:Id="i581"><AttributeType>link</AttributeType><IsRequired>true</IsRequired><Value i:type="a:string" xmlns:a="http://www.w3.org/2001/XMLSchema"/></Attribute></Attributes><ChildElements/><ElementName>child</ElementName><required>true</required><NameAttribute z:Ref="i581"/></URDFElement><URDFElement z:Id="i582" i:type="Axis"><Attributes><Attribute z:Id="i583"><AttributeType>xyz</AttributeType><IsRequired>true</IsRequired><Value i:type="a:ArrayOfdouble" xmlns:a="http://schemas.microsoft.com/2003/10/Serialization/Arrays"><a:double>0</a:double><a:double>0</a:double><a:double>0</a:double></Value></Attribute></Attributes><ChildElements/><ElementName>axis</ElementName><required>false</required><XYZAttribute z:Ref="i583"/></URDFElement><URDFElement z:Id="i584" i:type="Limit"><Attributes><Attribute z:Id="i585"><AttributeType>lower</AttributeType><IsRequired>false</IsRequired><Value i:nil="true"/></Attribute><Attribute z:Id="i586"><AttributeType>upper</AttributeType><IsRequired>false</IsRequired><Value i:nil="true"/></Attribute><Attribute z:Id="i587"><AttributeType>effort</AttributeType><IsRequired>true</IsRequired><Value i:nil="true"/></Attribute><Attribute z:Id="i588"><AttributeType>velocity</AttributeType><IsRequired>true</IsRequired><Value i:nil="true"/></Attribute></Attributes><ChildElements/><ElementName>limit</ElementName><required>false</required><EffortAttribute z:Ref="i587"/><LowerAttribute z:Ref="i585"/><UpperAttribute z:Ref="i586"/><VelocityAttribute z:Ref="i588"/></URDFElement><URDFElement z:Id="i589" i:type="Calibration"><Attributes><Attribute z:Id="i590"><AttributeType>rising</AttributeType><IsRequired>false</IsRequired><Value i:nil="true"/></Attribute><Attribute z:Id="i591"><AttributeType>falling</AttributeType><IsRequired>false</IsRequired><Value i:nil="true"/></Attribute></Attributes><ChildElements/><ElementName>calibration</ElementName><required>false</required><FallingAttribute z:Ref="i591"/><RisingAttribute z:Ref="i590"/></URDFElement><URDFElement z:Id="i592" i:type="Dynamics"><Attributes><Attribute z:Id="i593"><AttributeType>damping</AttributeType><IsRequired>false</IsRequired><Value i:nil="true"/></Attribute><Attribute z:Id="i594"><AttributeType>friction</AttributeType><IsRequired>false</IsRequired><Value i:nil="true"/></Attribute></Attributes><ChildElements/><ElementName>dynamics</ElementName><required>false</required><DampingAttribute z:Ref="i593"/><FrictionAttribute z:Ref="i594"/></URDFElement><URDFElement z:Id="i595" i:type="SafetyController"><Attributes><Attribute z:Id="i596"><AttributeType>soft_upper_limit</AttributeType><IsRequired>false</IsRequired><Value i:nil="true"/></Attribute><Attribute z:Id="i597"><AttributeType>soft_lower_limit</AttributeType><IsRequired>false</IsRequired><Value i:nil="true"/></Attribute><Attribute z:Id="i598"><AttributeType>k_position</AttributeType><IsRequired>false</IsRequired><Value i:nil="true"/></Attribute><Attribute z:Id="i599"><AttributeType>k_velocity</AttributeType><IsRequired>true</IsRequired><Value i:nil="true"/></Attribute></Attributes><ChildElements/><ElementName>safety_controller</ElementName><required>false</required><KPositionAttribute z:Ref="i598"/><KVelocityAttribute z:Ref="i599"/><SoftLowerAttribute z:Ref="i597"/><SoftUpperAttribute z:Ref="i596"/></URDFElement><URDFElement z:Id="i600" i:type="Mimic"><Attributes><Attribute z:Id="i601"><AttributeType>joint</AttributeType><IsRequired>true</IsRequired><Value i:nil="true"/></Attribute><Attribute z:Id="i602"><AttributeType>multiplier</AttributeType><IsRequired>false</IsRequired><Value i:nil="true"/></Attribute><Attribute z:Id="i603"><AttributeType>offset</AttributeType><IsRequired>false</IsRequired><Value i:nil="true"/></Attribute></Attributes><ChildElements/><ElementName>mimic</ElementName><required>false</required><JointNameAttribute z:Ref="i601"/><MultiplierAttribute z:Ref="i602"/><OffsetAttribute z:Ref="i603"/></URDFElement></ChildElements><ElementName>joint</ElementName><required>false</required><Axis z:Ref="i582"/><AxisName>?????????10</AxisName><Calibration z:Ref="i589"/><Child z:Ref="i580"/><CoordinateSystemName>?????????16</CoordinateSystemName><Dynamics z:Ref="i592"/><Limit z:Ref="i584"/><Mimic z:Ref="i600"/><NameAttribute z:Ref="i573"/><Origin z:Ref="i575"/><Parent z:Ref="i578"/><Safety z:Ref="i595"/><TypeAttribute z:Ref="i574"/></URDFElement></ChildElements><ElementName>link</ElementName><required>true</required><Children/><Collision z:Ref="i565"/><Inertial z:Ref="i539"/><Joint z:Ref="i572"/><NameAttribute z:Ref="i538"/><Parent z:Ref="i470"/><STLQualityFine>false</STLQualityFine><SWComponentPIDs xmlns:a="http://schemas.microsoft.com/2003/10/Serialization/Arrays"><a:base64Binary>aEIAAAUAAAD//v8WkWRGZy0AMQAyAEAAQQBBAEEAO2DFiC8AB2jGUQ9cbo9QWy0AMQBAAJFkRmcEAAAAEAAAAAEAAAACAAAArBUAACEAAAA=</a:base64Binary></SWComponentPIDs><SWMainComponentPID i:nil="true"/><Visual z:Ref="i552"/><isFixedFrame>false</isFixedFrame><isIncomplete>false</isIncomplete></Link></Children><Collision z:Ref="i498"/><Inertial z:Ref="i472"/><Joint z:Ref="i505"/><NameAttribute z:Ref="i471"/><Parent z:Ref="i1"/><STLQualityFine>false</STLQualityFine><SWComponentPIDs xmlns:a="http://schemas.microsoft.com/2003/10/Serialization/Arrays"><a:base64Binary>aEIAAAUAAAD//v8VkWRGZy0AMQAyAEAAQQBBAEEAO2DFiC8AkWRGZ59TuXAtADEAQACRZEZnBAAAABAAAAABAAAAAgAAAKwVAABaAAAA</a:base64Binary><a:base64Binary>aEIAAAUAAAD//v8UkWRGZy0AMQAyAEAAQQBBAEEAO2DFiC8AsGUagZFkLQAxAEAAkWRGZwQAAAAQAAAAAQAAAAIAAACsFQAAGwAAAA==</a:base64Binary><a:base64Binary>aEIAAAUAAAD//v8UkWRGZy0AMQAyAEAAQQBBAEEAO2DFiC8AsGUagZFkLQAyAEAAkWRGZwQAAAAQAAAAAQAAAAIAAACsFQAAHAAAAA==</a:base64Binary><a:base64Binary>aEIAAAUAAAD//v8ZkWRGZy0AMQAyAEAAQQBBAEEAO2DFiC8ACU7SiZFkdI9/YhZZIWMIVy0AMQBAAJFkRmcEAAAAEAAAAAEAAAACAAAArBUAAGsAAAA=</a:base64Binary><a:base64Binary>aEIAAAUAAAD//v8YkWRGZy0AMQAyAEAAQQBBAEEAO2DFiC8ACU7SiZFkNXU6Z96PpWMtADEAQACRZEZnBAAAABAAAAABAAAAAgAAAKwVAABsAAAA</a:base64Binary><a:base64Binary>aEIAAAUAAAD//v8ZkWRGZy0AMQAyAEAAQQBBAEEAO2DFiC8ACU7SiZFkdI9/YoVRIWMIVy0AMQBAAJFkRmcEAAAAEAAAAAEAAAACAAAArBUAAHcAAAA=</a:base64Binary><a:base64Binary>aEIAAAUAAAD//v8bkWRGZy0AMQAyAEAAQQBBAEEAO2DFiC8AhVEzADUAFlk0ADcAhIXBWHSPf2ItADEAQACRZEZnBAAAABAAAAABAAAAAgAAAKwVAAB6AAAA</a:base64Binary></SWComponentPIDs><SWMainComponentPID i:nil="true"/><Visual z:Ref="i485"/><isFixedFrame>false</isFixedFrame><isIncomplete>false</isIncomplete></Link><Link z:Id="i604"><Attributes><Attribute z:Id="i605"><AttributeType>name</AttributeType><IsRequired>true</IsRequired><Value i:type="a:string" xmlns:a="http://www.w3.org/2001/XMLSchema">R_F_ST_Link</Value></Attribute></Attributes><ChildElements><URDFElement z:Id="i606" i:type="Inertial"><Attributes/><ChildElements><URDFElement z:Id="i607" i:type="Origin"><Attributes><Attribute z:Id="i608"><AttributeType>xyz</AttributeType><IsRequired>true</IsRequired><Value i:type="a:ArrayOfdouble" xmlns:a="http://schemas.microsoft.com/2003/10/Serialization/Arrays"><a:double>0</a:double><a:double>0</a:double><a:double>0</a:double></Value></Attribute><Attribute z:Id="i609"><AttributeType>rpy</AttributeType><IsRequired>true</IsRequired><Value i:type="a:ArrayOfdouble" xmlns:a="http://schemas.microsoft.com/2003/10/Serialization/Arrays"><a:double>0</a:double><a:double>0</a:double><a:double>0</a:double></Value></Attribute></Attributes><ChildElements/><ElementName>origin</ElementName><required>false</required><RPYAttribute z:Ref="i609"/><XYZAttribute z:Ref="i608"/><isCustomized>false</isCustomized></URDFElement><URDFElement z:Id="i610" i:type="Mass"><Attributes><Attribute z:Id="i611"><AttributeType>value</AttributeType><IsRequired>true</IsRequired><Value i:type="a:double" xmlns:a="http://www.w3.org/2001/XMLSchema">0</Value></Attribute></Attributes><ChildElements/><ElementName>mass</ElementName><required>false</required><ValueAttribute z:Ref="i611"/></URDFElement><URDFElement z:Id="i612" i:type="Inertia"><Attributes><Attribute z:Id="i613"><AttributeType>ixx</AttributeType><IsRequired>true</IsRequired><Value i:type="a:double" xmlns:a="http://www.w3.org/2001/XMLSchema">0</Value></Attribute><Attribute z:Id="i614"><AttributeType>ixy</AttributeType><IsRequired>true</IsRequired><Value i:type="a:double" xmlns:a="http://www.w3.org/2001/XMLSchema">0</Value></Attribute><Attribute z:Id="i615"><AttributeType>ixz</AttributeType><IsRequired>true</IsRequired><Value i:type="a:double" xmlns:a="http://www.w3.org/2001/XMLSchema">0</Value></Attribute><Attribute z:Id="i616"><AttributeType>iyy</AttributeType><IsRequired>true</IsRequired><Value i:type="a:double" xmlns:a="http://www.w3.org/2001/XMLSchema">0</Value></Attribute><Attribute z:Id="i617"><AttributeType>iyz</AttributeType><IsRequired>true</IsRequired><Value i:type="a:double" xmlns:a="http://www.w3.org/2001/XMLSchema">0</Value></Attribute><Attribute z:Id="i618"><AttributeType>izz</AttributeType><IsRequired>true</IsRequired><Value i:type="a:double" xmlns:a="http://www.w3.org/2001/XMLSchema">0</Value></Attribute></Attributes><ChildElements/><ElementName>inertia</ElementName><required>false</required><IxxAttribute z:Ref="i613"/><IxyAttribute z:Ref="i614"/><IxzAttribute z:Ref="i615"/><IyyAttribute z:Ref="i616"/><IyzAttribute z:Ref="i617"/><IzzAttribute z:Ref="i618"/></URDFElement></ChildElements><ElementName>inertial</ElementName><required>false</required><Inertia z:Ref="i612"/><Mass z:Ref="i610"/><Origin z:Ref="i607"/></URDFElement><URDFElement z:Id="i619" i:type="Visual"><Attributes/><ChildElements><URDFElement z:Id="i620" i:type="Origin"><Attributes><Attribute z:Id="i621"><AttributeType>xyz</AttributeType><IsRequired>true</IsRequired><Value i:type="a:ArrayOfdouble" xmlns:a="http://schemas.microsoft.com/2003/10/Serialization/Arrays"><a:double>0</a:double><a:double>0</a:double><a:double>0</a:double></Value></Attribute><Attribute z:Id="i622"><AttributeType>rpy</AttributeType><IsRequired>true</IsRequired><Value i:type="a:ArrayOfdouble" xmlns:a="http://schemas.microsoft.com/2003/10/Serialization/Arrays"><a:double>0</a:double><a:double>0</a:double><a:double>0</a:double></Value></Attribute></Attributes><ChildElements/><ElementName>origin</ElementName><required>false</required><RPYAttribute z:Ref="i622"/><XYZAttribute z:Ref="i621"/><isCustomized>false</isCustomized></URDFElement><URDFElement z:Id="i623" i:type="Geometry"><Attributes/><ChildElements><URDFElement z:Id="i624" i:type="Mesh"><Attributes><Attribute z:Id="i625"><AttributeType>filename</AttributeType><IsRequired>true</IsRequired><Value i:nil="true"/></Attribute></Attributes><ChildElements/><ElementName>mesh</ElementName><required>false</required><FilenameAttribute z:Ref="i625"/></URDFElement></ChildElements><ElementName>geometry</ElementName><required>true</required><Mesh z:Ref="i624"/></URDFElement><URDFElement z:Id="i626" i:type="Material"><Attributes><Attribute z:Id="i627"><AttributeType>name</AttributeType><IsRequired>true</IsRequired><Value i:type="a:string" xmlns:a="http://www.w3.org/2001/XMLSchema"/></Attribute></Attributes><ChildElements><URDFElement z:Id="i628" i:type="Color"><Attributes><Attribute z:Id="i629"><AttributeType>rgba</AttributeType><IsRequired>true</IsRequired><Value i:type="a:ArrayOfdouble" xmlns:a="http://schemas.microsoft.com/2003/10/Serialization/Arrays"><a:double>1</a:double><a:double>1</a:double><a:double>1</a:double><a:double>1</a:double></Value></Attribute></Attributes><ChildElements/><ElementName>color</ElementName><required>false</required><RGBAAttribute z:Ref="i629"/></URDFElement><URDFElement z:Id="i630" i:type="Texture"><Attributes><Attribute z:Id="i631"><AttributeType>filename</AttributeType><IsRequired>true</IsRequired><Value i:nil="true"/></Attribute></Attributes><ChildElements/><ElementName>texture</ElementName><required>false</required><FilenameAttribute z:Ref="i631"/><wFilename/></URDFElement></ChildElements><ElementName>material</ElementName><required>false</required><Color z:Ref="i628"/><NameAttribute z:Ref="i627"/><Texture z:Ref="i630"/></URDFElement></ChildElements><ElementName>visual</ElementName><required>false</required><Geometry z:Ref="i623"/><Material z:Ref="i626"/><Origin z:Ref="i620"/></URDFElement><URDFElement z:Id="i632" i:type="Collision"><Attributes/><ChildElements><URDFElement z:Id="i633" i:type="Origin"><Attributes><Attribute z:Id="i634"><AttributeType>xyz</AttributeType><IsRequired>true</IsRequired><Value i:type="a:ArrayOfdouble" xmlns:a="http://schemas.microsoft.com/2003/10/Serialization/Arrays"><a:double>0</a:double><a:double>0</a:double><a:double>0</a:double></Value></Attribute><Attribute z:Id="i635"><AttributeType>rpy</AttributeType><IsRequired>true</IsRequired><Value i:type="a:ArrayOfdouble" xmlns:a="http://schemas.microsoft.com/2003/10/Serialization/Arrays"><a:double>0</a:double><a:double>0</a:double><a:double>0</a:double></Value></Attribute></Attributes><ChildElements/><ElementName>origin</ElementName><required>false</required><RPYAttribute z:Ref="i635"/><XYZAttribute z:Ref="i634"/><isCustomized>false</isCustomized></URDFElement><URDFElement z:Id="i636" i:type="Geometry"><Attributes/><ChildElements><URDFElement z:Id="i637" i:type="Mesh"><Attributes><Attribute z:Id="i638"><AttributeType>filename</AttributeType><IsRequired>true</IsRequired><Value i:nil="true"/></Attribute></Attributes><ChildElements/><ElementName>mesh</ElementName><required>false</required><FilenameAttribute z:Ref="i638"/></URDFElement></ChildElements><ElementName>geometry</ElementName><required>true</required><Mesh z:Ref="i637"/></URDFElement></ChildElements><ElementName>collision</ElementName><required>false</required><Geometry z:Ref="i636"/><Origin z:Ref="i633"/></URDFElement><URDFElement z:Id="i639" i:type="Joint"><Attributes><Attribute z:Id="i640"><AttributeType>name</AttributeType><IsRequired>true</IsRequired><Value i:type="a:string" xmlns:a="http://www.w3.org/2001/XMLSchema">R_F_ST</Value></Attribute><Attribute z:Id="i641"><AttributeType>type</AttributeType><IsRequired>true</IsRequired><Value i:type="a:string" xmlns:a="http://www.w3.org/2001/XMLSchema">continuous</Value></Attribute></Attributes><ChildElements><URDFElement z:Id="i642" i:type="Origin"><Attributes><Attribute z:Id="i643"><AttributeType>xyz</AttributeType><IsRequired>true</IsRequired><Value i:type="a:ArrayOfdouble" xmlns:a="http://schemas.microsoft.com/2003/10/Serialization/Arrays"><a:double>0</a:double><a:double>0</a:double><a:double>0</a:double></Value></Attribute><Attribute z:Id="i644"><AttributeType>rpy</AttributeType><IsRequired>true</IsRequired><Value i:type="a:ArrayOfdouble" xmlns:a="http://schemas.microsoft.com/2003/10/Serialization/Arrays"><a:double>0</a:double><a:double>0</a:double><a:double>0</a:double></Value></Attribute></Attributes><ChildElements/><ElementName>origin</ElementName><required>false</required><RPYAttribute z:Ref="i644"/><XYZAttribute z:Ref="i643"/><isCustomized>false</isCustomized></URDFElement><URDFElement z:Id="i645" i:type="ParentLink"><Attributes><Attribute z:Id="i646"><AttributeType>link</AttributeType><IsRequired>true</IsRequired><Value i:type="a:string" xmlns:a="http://www.w3.org/2001/XMLSchema"/></Attribute></Attributes><ChildElements/><ElementName>parent</ElementName><required>true</required><NameAttribute z:Ref="i646"/></URDFElement><URDFElement z:Id="i647" i:type="ChildLink"><Attributes><Attribute z:Id="i648"><AttributeType>link</AttributeType><IsRequired>true</IsRequired><Value i:type="a:string" xmlns:a="http://www.w3.org/2001/XMLSchema"/></Attribute></Attributes><ChildElements/><ElementName>child</ElementName><required>true</required><NameAttribute z:Ref="i648"/></URDFElement><URDFElement z:Id="i649" i:type="Axis"><Attributes><Attribute z:Id="i650"><AttributeType>xyz</AttributeType><IsRequired>true</IsRequired><Value i:type="a:ArrayOfdouble" xmlns:a="http://schemas.microsoft.com/2003/10/Serialization/Arrays"><a:double>0</a:double><a:double>0</a:double><a:double>0</a:double></Value></Attribute></Attributes><ChildElements/><ElementName>axis</ElementName><required>false</required><XYZAttribute z:Ref="i650"/></URDFElement><URDFElement z:Id="i651" i:type="Limit"><Attributes><Attribute z:Id="i652"><AttributeType>lower</AttributeType><IsRequired>false</IsRequired><Value i:nil="true"/></Attribute><Attribute z:Id="i653"><AttributeType>upper</AttributeType><IsRequired>false</IsRequired><Value i:nil="true"/></Attribute><Attribute z:Id="i654"><AttributeType>effort</AttributeType><IsRequired>true</IsRequired><Value i:nil="true"/></Attribute><Attribute z:Id="i655"><AttributeType>velocity</AttributeType><IsRequired>true</IsRequired><Value i:nil="true"/></Attribute></Attributes><ChildElements/><ElementName>limit</ElementName><required>false</required><EffortAttribute z:Ref="i654"/><LowerAttribute z:Ref="i652"/><UpperAttribute z:Ref="i653"/><VelocityAttribute z:Ref="i655"/></URDFElement><URDFElement z:Id="i656" i:type="Calibration"><Attributes><Attribute z:Id="i657"><AttributeType>rising</AttributeType><IsRequired>false</IsRequired><Value i:nil="true"/></Attribute><Attribute z:Id="i658"><AttributeType>falling</AttributeType><IsRequired>false</IsRequired><Value i:nil="true"/></Attribute></Attributes><ChildElements/><ElementName>calibration</ElementName><required>false</required><FallingAttribute z:Ref="i658"/><RisingAttribute z:Ref="i657"/></URDFElement><URDFElement z:Id="i659" i:type="Dynamics"><Attributes><Attribute z:Id="i660"><AttributeType>damping</AttributeType><IsRequired>false</IsRequired><Value i:nil="true"/></Attribute><Attribute z:Id="i661"><AttributeType>friction</AttributeType><IsRequired>false</IsRequired><Value i:nil="true"/></Attribute></Attributes><ChildElements/><ElementName>dynamics</ElementName><required>false</required><DampingAttribute z:Ref="i660"/><FrictionAttribute z:Ref="i661"/></URDFElement><URDFElement z:Id="i662" i:type="SafetyController"><Attributes><Attribute z:Id="i663"><AttributeType>soft_upper_limit</AttributeType><IsRequired>false</IsRequired><Value i:nil="true"/></Attribute><Attribute z:Id="i664"><AttributeType>soft_lower_limit</AttributeType><IsRequired>false</IsRequired><Value i:nil="true"/></Attribute><Attribute z:Id="i665"><AttributeType>k_position</AttributeType><IsRequired>false</IsRequired><Value i:nil="true"/></Attribute><Attribute z:Id="i666"><AttributeType>k_velocity</AttributeType><IsRequired>true</IsRequired><Value i:nil="true"/></Attribute></Attributes><ChildElements/><ElementName>safety_controller</ElementName><required>false</required><KPositionAttribute z:Ref="i665"/><KVelocityAttribute z:Ref="i666"/><SoftLowerAttribute z:Ref="i664"/><SoftUpperAttribute z:Ref="i663"/></URDFElement><URDFElement z:Id="i667" i:type="Mimic"><Attributes><Attribute z:Id="i668"><AttributeType>joint</AttributeType><IsRequired>true</IsRequired><Value i:nil="true"/></Attribute><Attribute z:Id="i669"><AttributeType>multiplier</AttributeType><IsRequired>false</IsRequired><Value i:nil="true"/></Attribute><Attribute z:Id="i670"><AttributeType>offset</AttributeType><IsRequired>false</IsRequired><Value i:nil="true"/></Attribute></Attributes><ChildElements/><ElementName>mimic</ElementName><required>false</required><JointNameAttribute z:Ref="i668"/><MultiplierAttribute z:Ref="i669"/><OffsetAttribute z:Ref="i670"/></URDFElement></ChildElements><ElementName>joint</ElementName><required>false</required><Axis z:Ref="i649"/><AxisName>?????????7</AxisName><Calibration z:Ref="i656"/><Child z:Ref="i647"/><CoordinateSystemName>?????????13</CoordinateSystemName><Dynamics z:Ref="i659"/><Limit z:Ref="i651"/><Mimic z:Ref="i667"/><NameAttribute z:Ref="i640"/><Origin z:Ref="i642"/><Parent z:Ref="i645"/><Safety z:Ref="i662"/><TypeAttribute z:Ref="i641"/></URDFElement></ChildElements><ElementName>link</ElementName><required>true</required><Children><Link z:Id="i671"><Attributes><Attribute z:Id="i672"><AttributeType>name</AttributeType><IsRequired>true</IsRequired><Value i:type="a:string" xmlns:a="http://www.w3.org/2001/XMLSchema">R_F_S_wheel_Link</Value></Attribute></Attributes><ChildElements><URDFElement z:Id="i673" i:type="Inertial"><Attributes/><ChildElements><URDFElement z:Id="i674" i:type="Origin"><Attributes><Attribute z:Id="i675"><AttributeType>xyz</AttributeType><IsRequired>true</IsRequired><Value i:type="a:ArrayOfdouble" xmlns:a="http://schemas.microsoft.com/2003/10/Serialization/Arrays"><a:double>0</a:double><a:double>0</a:double><a:double>0</a:double></Value></Attribute><Attribute z:Id="i676"><AttributeType>rpy</AttributeType><IsRequired>true</IsRequired><Value i:type="a:ArrayOfdouble" xmlns:a="http://schemas.microsoft.com/2003/10/Serialization/Arrays"><a:double>0</a:double><a:double>0</a:double><a:double>0</a:double></Value></Attribute></Attributes><ChildElements/><ElementName>origin</ElementName><required>false</required><RPYAttribute z:Ref="i676"/><XYZAttribute z:Ref="i675"/><isCustomized>false</isCustomized></URDFElement><URDFElement z:Id="i677" i:type="Mass"><Attributes><Attribute z:Id="i678"><AttributeType>value</AttributeType><IsRequired>true</IsRequired><Value i:type="a:double" xmlns:a="http://www.w3.org/2001/XMLSchema">0</Value></Attribute></Attributes><ChildElements/><ElementName>mass</ElementName><required>false</required><ValueAttribute z:Ref="i678"/></URDFElement><URDFElement z:Id="i679" i:type="Inertia"><Attributes><Attribute z:Id="i680"><AttributeType>ixx</AttributeType><IsRequired>true</IsRequired><Value i:type="a:double" xmlns:a="http://www.w3.org/2001/XMLSchema">0</Value></Attribute><Attribute z:Id="i681"><AttributeType>ixy</AttributeType><IsRequired>true</IsRequired><Value i:type="a:double" xmlns:a="http://www.w3.org/2001/XMLSchema">0</Value></Attribute><Attribute z:Id="i682"><AttributeType>ixz</AttributeType><IsRequired>true</IsRequired><Value i:type="a:double" xmlns:a="http://www.w3.org/2001/XMLSchema">0</Value></Attribute><Attribute z:Id="i683"><AttributeType>iyy</AttributeType><IsRequired>true</IsRequired><Value i:type="a:double" xmlns:a="http://www.w3.org/2001/XMLSchema">0</Value></Attribute><Attribute z:Id="i684"><AttributeType>iyz</AttributeType><IsRequired>true</IsRequired><Value i:type="a:double" xmlns:a="http://www.w3.org/2001/XMLSchema">0</Value></Attribute><Attribute z:Id="i685"><AttributeType>izz</AttributeType><IsRequired>true</IsRequired><Value i:type="a:double" xmlns:a="http://www.w3.org/2001/XMLSchema">0</Value></Attribute></Attributes><ChildElements/><ElementName>inertia</ElementName><required>false</required><IxxAttribute z:Ref="i680"/><IxyAttribute z:Ref="i681"/><IxzAttribute z:Ref="i682"/><IyyAttribute z:Ref="i683"/><IyzAttribute z:Ref="i684"/><IzzAttribute z:Ref="i685"/></URDFElement></ChildElements><ElementName>inertial</ElementName><required>false</required><Inertia z:Ref="i679"/><Mass z:Ref="i677"/><Origin z:Ref="i674"/></URDFElement><URDFElement z:Id="i686" i:type="Visual"><Attributes/><ChildElements><URDFElement z:Id="i687" i:type="Origin"><Attributes><Attribute z:Id="i688"><AttributeType>xyz</AttributeType><IsRequired>true</IsRequired><Value i:type="a:ArrayOfdouble" xmlns:a="http://schemas.microsoft.com/2003/10/Serialization/Arrays"><a:double>0</a:double><a:double>0</a:double><a:double>0</a:double></Value></Attribute><Attribute z:Id="i689"><AttributeType>rpy</AttributeType><IsRequired>true</IsRequired><Value i:type="a:ArrayOfdouble" xmlns:a="http://schemas.microsoft.com/2003/10/Serialization/Arrays"><a:double>0</a:double><a:double>0</a:double><a:double>0</a:double></Value></Attribute></Attributes><ChildElements/><ElementName>origin</ElementName><required>false</required><RPYAttribute z:Ref="i689"/><XYZAttribute z:Ref="i688"/><isCustomized>false</isCustomized></URDFElement><URDFElement z:Id="i690" i:type="Geometry"><Attributes/><ChildElements><URDFElement z:Id="i691" i:type="Mesh"><Attributes><Attribute z:Id="i692"><AttributeType>filename</AttributeType><IsRequired>true</IsRequired><Value i:nil="true"/></Attribute></Attributes><ChildElements/><ElementName>mesh</ElementName><required>false</required><FilenameAttribute z:Ref="i692"/></URDFElement></ChildElements><ElementName>geometry</ElementName><required>true</required><Mesh z:Ref="i691"/></URDFElement><URDFElement z:Id="i693" i:type="Material"><Attributes><Attribute z:Id="i694"><AttributeType>name</AttributeType><IsRequired>true</IsRequired><Value i:type="a:string" xmlns:a="http://www.w3.org/2001/XMLSchema"/></Attribute></Attributes><ChildElements><URDFElement z:Id="i695" i:type="Color"><Attributes><Attribute z:Id="i696"><AttributeType>rgba</AttributeType><IsRequired>true</IsRequired><Value i:type="a:ArrayOfdouble" xmlns:a="http://schemas.microsoft.com/2003/10/Serialization/Arrays"><a:double>1</a:double><a:double>1</a:double><a:double>1</a:double><a:double>1</a:double></Value></Attribute></Attributes><ChildElements/><ElementName>color</ElementName><required>false</required><RGBAAttribute z:Ref="i696"/></URDFElement><URDFElement z:Id="i697" i:type="Texture"><Attributes><Attribute z:Id="i698"><AttributeType>filename</AttributeType><IsRequired>true</IsRequired><Value i:nil="true"/></Attribute></Attributes><ChildElements/><ElementName>texture</ElementName><required>false</required><FilenameAttribute z:Ref="i698"/><wFilename/></URDFElement></ChildElements><ElementName>material</ElementName><required>false</required><Color z:Ref="i695"/><NameAttribute z:Ref="i694"/><Texture z:Ref="i697"/></URDFElement></ChildElements><ElementName>visual</ElementName><required>false</required><Geometry z:Ref="i690"/><Material z:Ref="i693"/><Origin z:Ref="i687"/></URDFElement><URDFElement z:Id="i699" i:type="Collision"><Attributes/><ChildElements><URDFElement z:Id="i700" i:type="Origin"><Attributes><Attribute z:Id="i701"><AttributeType>xyz</AttributeType><IsRequired>true</IsRequired><Value i:type="a:ArrayOfdouble" xmlns:a="http://schemas.microsoft.com/2003/10/Serialization/Arrays"><a:double>0</a:double><a:double>0</a:double><a:double>0</a:double></Value></Attribute><Attribute z:Id="i702"><AttributeType>rpy</AttributeType><IsRequired>true</IsRequired><Value i:type="a:ArrayOfdouble" xmlns:a="http://schemas.microsoft.com/2003/10/Serialization/Arrays"><a:double>0</a:double><a:double>0</a:double><a:double>0</a:double></Value></Attribute></Attributes><ChildElements/><ElementName>origin</ElementName><required>false</required><RPYAttribute z:Ref="i702"/><XYZAttribute z:Ref="i701"/><isCustomized>false</isCustomized></URDFElement><URDFElement z:Id="i703" i:type="Geometry"><Attributes/><ChildElements><URDFElement z:Id="i704" i:type="Mesh"><Attributes><Attribute z:Id="i705"><AttributeType>filename</AttributeType><IsRequired>true</IsRequired><Value i:nil="true"/></Attribute></Attributes><ChildElements/><ElementName>mesh</ElementName><required>false</required><FilenameAttribute z:Ref="i705"/></URDFElement></ChildElements><ElementName>geometry</ElementName><required>true</required><Mesh z:Ref="i704"/></URDFElement></ChildElements><ElementName>collision</ElementName><required>false</required><Geometry z:Ref="i703"/><Origin z:Ref="i700"/></URDFElement><URDFElement z:Id="i706" i:type="Joint"><Attributes><Attribute z:Id="i707"><AttributeType>name</AttributeType><IsRequired>true</IsRequired><Value i:type="a:string" xmlns:a="http://www.w3.org/2001/XMLSchema">R_F_S_wheel</Value></Attribute><Attribute z:Id="i708"><AttributeType>type</AttributeType><IsRequired>true</IsRequired><Value i:type="a:string" xmlns:a="http://www.w3.org/2001/XMLSchema">continuous</Value></Attribute></Attributes><ChildElements><URDFElement z:Id="i709" i:type="Origin"><Attributes><Attribute z:Id="i710"><AttributeType>xyz</AttributeType><IsRequired>true</IsRequired><Value i:type="a:ArrayOfdouble" xmlns:a="http://schemas.microsoft.com/2003/10/Serialization/Arrays"><a:double>0</a:double><a:double>0</a:double><a:double>0</a:double></Value></Attribute><Attribute z:Id="i711"><AttributeType>rpy</AttributeType><IsRequired>true</IsRequired><Value i:type="a:ArrayOfdouble" xmlns:a="http://schemas.microsoft.com/2003/10/Serialization/Arrays"><a:double>0</a:double><a:double>0</a:double><a:double>0</a:double></Value></Attribute></Attributes><ChildElements/><ElementName>origin</ElementName><required>false</required><RPYAttribute z:Ref="i711"/><XYZAttribute z:Ref="i710"/><isCustomized>false</isCustomized></URDFElement><URDFElement z:Id="i712" i:type="ParentLink"><Attributes><Attribute z:Id="i713"><AttributeType>link</AttributeType><IsRequired>true</IsRequired><Value i:type="a:string" xmlns:a="http://www.w3.org/2001/XMLSchema"/></Attribute></Attributes><ChildElements/><ElementName>parent</ElementName><required>true</required><NameAttribute z:Ref="i713"/></URDFElement><URDFElement z:Id="i714" i:type="ChildLink"><Attributes><Attribute z:Id="i715"><AttributeType>link</AttributeType><IsRequired>true</IsRequired><Value i:type="a:string" xmlns:a="http://www.w3.org/2001/XMLSchema"/></Attribute></Attributes><ChildElements/><ElementName>child</ElementName><required>true</required><NameAttribute z:Ref="i715"/></URDFElement><URDFElement z:Id="i716" i:type="Axis"><Attributes><Attribute z:Id="i717"><AttributeType>xyz</AttributeType><IsRequired>true</IsRequired><Value i:type="a:ArrayOfdouble" xmlns:a="http://schemas.microsoft.com/2003/10/Serialization/Arrays"><a:double>0</a:double><a:double>0</a:double><a:double>0</a:double></Value></Attribute></Attributes><ChildElements/><ElementName>axis</ElementName><required>false</required><XYZAttribute z:Ref="i717"/></URDFElement><URDFElement z:Id="i718" i:type="Limit"><Attributes><Attribute z:Id="i719"><AttributeType>lower</AttributeType><IsRequired>false</IsRequired><Value i:nil="true"/></Attribute><Attribute z:Id="i720"><AttributeType>upper</AttributeType><IsRequired>false</IsRequired><Value i:nil="true"/></Attribute><Attribute z:Id="i721"><AttributeType>effort</AttributeType><IsRequired>true</IsRequired><Value i:nil="true"/></Attribute><Attribute z:Id="i722"><AttributeType>velocity</AttributeType><IsRequired>true</IsRequired><Value i:nil="true"/></Attribute></Attributes><ChildElements/><ElementName>limit</ElementName><required>false</required><EffortAttribute z:Ref="i721"/><LowerAttribute z:Ref="i719"/><UpperAttribute z:Ref="i720"/><VelocityAttribute z:Ref="i722"/></URDFElement><URDFElement z:Id="i723" i:type="Calibration"><Attributes><Attribute z:Id="i724"><AttributeType>rising</AttributeType><IsRequired>false</IsRequired><Value i:nil="true"/></Attribute><Attribute z:Id="i725"><AttributeType>falling</AttributeType><IsRequired>false</IsRequired><Value i:nil="true"/></Attribute></Attributes><ChildElements/><ElementName>calibration</ElementName><required>false</required><FallingAttribute z:Ref="i725"/><RisingAttribute z:Ref="i724"/></URDFElement><URDFElement z:Id="i726" i:type="Dynamics"><Attributes><Attribute z:Id="i727"><AttributeType>damping</AttributeType><IsRequired>false</IsRequired><Value i:nil="true"/></Attribute><Attribute z:Id="i728"><AttributeType>friction</AttributeType><IsRequired>false</IsRequired><Value i:nil="true"/></Attribute></Attributes><ChildElements/><ElementName>dynamics</ElementName><required>false</required><DampingAttribute z:Ref="i727"/><FrictionAttribute z:Ref="i728"/></URDFElement><URDFElement z:Id="i729" i:type="SafetyController"><Attributes><Attribute z:Id="i730"><AttributeType>soft_upper_limit</AttributeType><IsRequired>false</IsRequired><Value i:nil="true"/></Attribute><Attribute z:Id="i731"><AttributeType>soft_lower_limit</AttributeType><IsRequired>false</IsRequired><Value i:nil="true"/></Attribute><Attribute z:Id="i732"><AttributeType>k_position</AttributeType><IsRequired>false</IsRequired><Value i:nil="true"/></Attribute><Attribute z:Id="i733"><AttributeType>k_velocity</AttributeType><IsRequired>true</IsRequired><Value i:nil="true"/></Attribute></Attributes><ChildElements/><ElementName>safety_controller</ElementName><required>false</required><KPositionAttribute z:Ref="i732"/><KVelocityAttribute z:Ref="i733"/><SoftLowerAttribute z:Ref="i731"/><SoftUpperAttribute z:Ref="i730"/></URDFElement><URDFElement z:Id="i734" i:type="Mimic"><Attributes><Attribute z:Id="i735"><AttributeType>joint</AttributeType><IsRequired>true</IsRequired><Value i:nil="true"/></Attribute><Attribute z:Id="i736"><AttributeType>multiplier</AttributeType><IsRequired>false</IsRequired><Value i:nil="true"/></Attribute><Attribute z:Id="i737"><AttributeType>offset</AttributeType><IsRequired>false</IsRequired><Value i:nil="true"/></Attribute></Attributes><ChildElements/><ElementName>mimic</ElementName><required>false</required><JointNameAttribute z:Ref="i735"/><MultiplierAttribute z:Ref="i736"/><OffsetAttribute z:Ref="i737"/></URDFElement></ChildElements><ElementName>joint</ElementName><required>false</required><Axis z:Ref="i716"/><AxisName>?????????11</AxisName><Calibration z:Ref="i723"/><Child z:Ref="i714"/><CoordinateSystemName>?????????17</CoordinateSystemName><Dynamics z:Ref="i726"/><Limit z:Ref="i718"/><Mimic z:Ref="i734"/><NameAttribute z:Ref="i707"/><Origin z:Ref="i709"/><Parent z:Ref="i712"/><Safety z:Ref="i729"/><TypeAttribute z:Ref="i708"/></URDFElement></ChildElements><ElementName>link</ElementName><required>true</required><Children/><Collision z:Ref="i699"/><Inertial z:Ref="i673"/><Joint z:Ref="i706"/><NameAttribute z:Ref="i672"/><Parent z:Ref="i604"/><STLQualityFine>false</STLQualityFine><SWComponentPIDs xmlns:a="http://schemas.microsoft.com/2003/10/Serialization/Arrays"><a:base64Binary>aEIAAAUAAAD//v8WkWRGZy0AMQAzAEAAQQBBAEEAO2DFiC8AB2jGUQ9cbo9QWy0AMQBAAJFkRmcEAAAAEAAAAAEAAAACAAAAshUAACEAAAA=</a:base64Binary></SWComponentPIDs><SWMainComponentPID i:nil="true"/><Visual z:Ref="i686"/><isFixedFrame>false</isFixedFrame><isIncomplete>false</isIncomplete></Link></Children><Collision z:Ref="i632"/><Inertial z:Ref="i606"/><Joint z:Ref="i639"/><NameAttribute z:Ref="i605"/><Parent z:Ref="i1"/><STLQualityFine>false</STLQualityFine><SWComponentPIDs xmlns:a="http://schemas.microsoft.com/2003/10/Serialization/Arrays"><a:base64Binary>aEIAAAUAAAD//v8VkWRGZy0AMQAzAEAAQQBBAEEAO2DFiC8AkWRGZ59TuXAtADEAQACRZEZnBAAAABAAAAABAAAAAgAAALIVAABaAAAA</a:base64Binary><a:base64Binary>aEIAAAUAAAD//v8UkWRGZy0AMQAzAEAAQQBBAEEAO2DFiC8AsGUagZFkLQAxAEAAkWRGZwQAAAAQAAAAAQAAAAIAAACyFQAAGwAAAA==</a:base64Binary><a:base64Binary>aEIAAAUAAAD//v8UkWRGZy0AMQAzAEAAQQBBAEEAO2DFiC8AsGUagZFkLQAyAEAAkWRGZwQAAAAQAAAAAQAAAAIAAACyFQAAHAAAAA==</a:base64Binary><a:base64Binary>aEIAAAUAAAD//v8ZkWRGZy0AMQAzAEAAQQBBAEEAO2DFiC8ACU7SiZFkdI9/YhZZIWMIVy0AMQBAAJFkRmcEAAAAEAAAAAEAAAACAAAAshUAAGsAAAA=</a:base64Binary><a:base64Binary>aEIAAAUAAAD//v8YkWRGZy0AMQAzAEAAQQBBAEEAO2DFiC8ACU7SiZFkNXU6Z96PpWMtADEAQACRZEZnBAAAABAAAAABAAAAAgAAALIVAABsAAAA</a:base64Binary><a:base64Binary>aEIAAAUAAAD//v8ZkWRGZy0AMQAzAEAAQQBBAEEAO2DFiC8ACU7SiZFkdI9/YoVRIWMIVy0AMQBAAJFkRmcEAAAAEAAAAAEAAAACAAAAshUAAHcAAAA=</a:base64Binary><a:base64Binary>aEIAAAUAAAD//v8bkWRGZy0AMQAzAEAAQQBBAEEAO2DFiC8AhVEzADUAFlk0ADcAhIXBWHSPf2ItADEAQACRZEZnBAAAABAAAAABAAAAAgAAALIVAAB6AAAA</a:base64Binary></SWComponentPIDs><SWMainComponentPID i:nil="true"/><Visual z:Ref="i619"/><isFixedFrame>false</isFixedFrame><isIncomplete>false</isIncomplete></Link><Link z:Id="i738"><Attributes><Attribute z:Id="i739"><AttributeType>name</AttributeType><IsRequired>true</IsRequired><Value i:type="a:string" xmlns:a="http://www.w3.org/2001/XMLSchema">R_B_ST_Link</Value></Attribute></Attributes><ChildElements><URDFElement z:Id="i740" i:type="Inertial"><Attributes/><ChildElements><URDFElement z:Id="i741" i:type="Origin"><Attributes><Attribute z:Id="i742"><AttributeType>xyz</AttributeType><IsRequired>true</IsRequired><Value i:type="a:ArrayOfdouble" xmlns:a="http://schemas.microsoft.com/2003/10/Serialization/Arrays"><a:double>0</a:double><a:double>0</a:double><a:double>0</a:double></Value></Attribute><Attribute z:Id="i743"><AttributeType>rpy</AttributeType><IsRequired>true</IsRequired><Value i:type="a:ArrayOfdouble" xmlns:a="http://schemas.microsoft.com/2003/10/Serialization/Arrays"><a:double>0</a:double><a:double>0</a:double><a:double>0</a:double></Value></Attribute></Attributes><ChildElements/><ElementName>origin</ElementName><required>false</required><RPYAttribute z:Ref="i743"/><XYZAttribute z:Ref="i742"/><isCustomized>false</isCustomized></URDFElement><URDFElement z:Id="i744" i:type="Mass"><Attributes><Attribute z:Id="i745"><AttributeType>value</AttributeType><IsRequired>true</IsRequired><Value i:type="a:double" xmlns:a="http://www.w3.org/2001/XMLSchema">0</Value></Attribute></Attributes><ChildElements/><ElementName>mass</ElementName><required>false</required><ValueAttribute z:Ref="i745"/></URDFElement><URDFElement z:Id="i746" i:type="Inertia"><Attributes><Attribute z:Id="i747"><AttributeType>ixx</AttributeType><IsRequired>true</IsRequired><Value i:type="a:double" xmlns:a="http://www.w3.org/2001/XMLSchema">0</Value></Attribute><Attribute z:Id="i748"><AttributeType>ixy</AttributeType><IsRequired>true</IsRequired><Value i:type="a:double" xmlns:a="http://www.w3.org/2001/XMLSchema">0</Value></Attribute><Attribute z:Id="i749"><AttributeType>ixz</AttributeType><IsRequired>true</IsRequired><Value i:type="a:double" xmlns:a="http://www.w3.org/2001/XMLSchema">0</Value></Attribute><Attribute z:Id="i750"><AttributeType>iyy</AttributeType><IsRequired>true</IsRequired><Value i:type="a:double" xmlns:a="http://www.w3.org/2001/XMLSchema">0</Value></Attribute><Attribute z:Id="i751"><AttributeType>iyz</AttributeType><IsRequired>true</IsRequired><Value i:type="a:double" xmlns:a="http://www.w3.org/2001/XMLSchema">0</Value></Attribute><Attribute z:Id="i752"><AttributeType>izz</AttributeType><IsRequired>true</IsRequired><Value i:type="a:double" xmlns:a="http://www.w3.org/2001/XMLSchema">0</Value></Attribute></Attributes><ChildElements/><ElementName>inertia</ElementName><required>false</required><IxxAttribute z:Ref="i747"/><IxyAttribute z:Ref="i748"/><IxzAttribute z:Ref="i749"/><IyyAttribute z:Ref="i750"/><IyzAttribute z:Ref="i751"/><IzzAttribute z:Ref="i752"/></URDFElement></ChildElements><ElementName>inertial</ElementName><required>false</required><Inertia z:Ref="i746"/><Mass z:Ref="i744"/><Origin z:Ref="i741"/></URDFElement><URDFElement z:Id="i753" i:type="Visual"><Attributes/><ChildElements><URDFElement z:Id="i754" i:type="Origin"><Attributes><Attribute z:Id="i755"><AttributeType>xyz</AttributeType><IsRequired>true</IsRequired><Value i:type="a:ArrayOfdouble" xmlns:a="http://schemas.microsoft.com/2003/10/Serialization/Arrays"><a:double>0</a:double><a:double>0</a:double><a:double>0</a:double></Value></Attribute><Attribute z:Id="i756"><AttributeType>rpy</AttributeType><IsRequired>true</IsRequired><Value i:type="a:ArrayOfdouble" xmlns:a="http://schemas.microsoft.com/2003/10/Serialization/Arrays"><a:double>0</a:double><a:double>0</a:double><a:double>0</a:double></Value></Attribute></Attributes><ChildElements/><ElementName>origin</ElementName><required>false</required><RPYAttribute z:Ref="i756"/><XYZAttribute z:Ref="i755"/><isCustomized>false</isCustomized></URDFElement><URDFElement z:Id="i757" i:type="Geometry"><Attributes/><ChildElements><URDFElement z:Id="i758" i:type="Mesh"><Attributes><Attribute z:Id="i759"><AttributeType>filename</AttributeType><IsRequired>true</IsRequired><Value i:nil="true"/></Attribute></Attributes><ChildElements/><ElementName>mesh</ElementName><required>false</required><FilenameAttribute z:Ref="i759"/></URDFElement></ChildElements><ElementName>geometry</ElementName><required>true</required><Mesh z:Ref="i758"/></URDFElement><URDFElement z:Id="i760" i:type="Material"><Attributes><Attribute z:Id="i761"><AttributeType>name</AttributeType><IsRequired>true</IsRequired><Value i:type="a:string" xmlns:a="http://www.w3.org/2001/XMLSchema"/></Attribute></Attributes><ChildElements><URDFElement z:Id="i762" i:type="Color"><Attributes><Attribute z:Id="i763"><AttributeType>rgba</AttributeType><IsRequired>true</IsRequired><Value i:type="a:ArrayOfdouble" xmlns:a="http://schemas.microsoft.com/2003/10/Serialization/Arrays"><a:double>1</a:double><a:double>1</a:double><a:double>1</a:double><a:double>1</a:double></Value></Attribute></Attributes><ChildElements/><ElementName>color</ElementName><required>false</required><RGBAAttribute z:Ref="i763"/></URDFElement><URDFElement z:Id="i764" i:type="Texture"><Attributes><Attribute z:Id="i765"><AttributeType>filename</AttributeType><IsRequired>true</IsRequired><Value i:nil="true"/></Attribute></Attributes><ChildElements/><ElementName>texture</ElementName><required>false</required><FilenameAttribute z:Ref="i765"/><wFilename/></URDFElement></ChildElements><ElementName>material</ElementName><required>false</required><Color z:Ref="i762"/><NameAttribute z:Ref="i761"/><Texture z:Ref="i764"/></URDFElement></ChildElements><ElementName>visual</ElementName><required>false</required><Geometry z:Ref="i757"/><Material z:Ref="i760"/><Origin z:Ref="i754"/></URDFElement><URDFElement z:Id="i766" i:type="Collision"><Attributes/><ChildElements><URDFElement z:Id="i767" i:type="Origin"><Attributes><Attribute z:Id="i768"><AttributeType>xyz</AttributeType><IsRequired>true</IsRequired><Value i:type="a:ArrayOfdouble" xmlns:a="http://schemas.microsoft.com/2003/10/Serialization/Arrays"><a:double>0</a:double><a:double>0</a:double><a:double>0</a:double></Value></Attribute><Attribute z:Id="i769"><AttributeType>rpy</AttributeType><IsRequired>true</IsRequired><Value i:type="a:ArrayOfdouble" xmlns:a="http://schemas.microsoft.com/2003/10/Serialization/Arrays"><a:double>0</a:double><a:double>0</a:double><a:double>0</a:double></Value></Attribute></Attributes><ChildElements/><ElementName>origin</ElementName><required>false</required><RPYAttribute z:Ref="i769"/><XYZAttribute z:Ref="i768"/><isCustomized>false</isCustomized></URDFElement><URDFElement z:Id="i770" i:type="Geometry"><Attributes/><ChildElements><URDFElement z:Id="i771" i:type="Mesh"><Attributes><Attribute z:Id="i772"><AttributeType>filename</AttributeType><IsRequired>true</IsRequired><Value i:nil="true"/></Attribute></Attributes><ChildElements/><ElementName>mesh</ElementName><required>false</required><FilenameAttribute z:Ref="i772"/></URDFElement></ChildElements><ElementName>geometry</ElementName><required>true</required><Mesh z:Ref="i771"/></URDFElement></ChildElements><ElementName>collision</ElementName><required>false</required><Geometry z:Ref="i770"/><Origin z:Ref="i767"/></URDFElement><URDFElement z:Id="i773" i:type="Joint"><Attributes><Attribute z:Id="i774"><AttributeType>name</AttributeType><IsRequired>true</IsRequired><Value i:type="a:string" xmlns:a="http://www.w3.org/2001/XMLSchema">R_B_ST</Value></Attribute><Attribute z:Id="i775"><AttributeType>type</AttributeType><IsRequired>true</IsRequired><Value i:type="a:string" xmlns:a="http://www.w3.org/2001/XMLSchema">continuous</Value></Attribute></Attributes><ChildElements><URDFElement z:Id="i776" i:type="Origin"><Attributes><Attribute z:Id="i777"><AttributeType>xyz</AttributeType><IsRequired>true</IsRequired><Value i:type="a:ArrayOfdouble" xmlns:a="http://schemas.microsoft.com/2003/10/Serialization/Arrays"><a:double>0</a:double><a:double>0</a:double><a:double>0</a:double></Value></Attribute><Attribute z:Id="i778"><AttributeType>rpy</AttributeType><IsRequired>true</IsRequired><Value i:type="a:ArrayOfdouble" xmlns:a="http://schemas.microsoft.com/2003/10/Serialization/Arrays"><a:double>0</a:double><a:double>0</a:double><a:double>0</a:double></Value></Attribute></Attributes><ChildElements/><ElementName>origin</ElementName><required>false</required><RPYAttribute z:Ref="i778"/><XYZAttribute z:Ref="i777"/><isCustomized>false</isCustomized></URDFElement><URDFElement z:Id="i779" i:type="ParentLink"><Attributes><Attribute z:Id="i780"><AttributeType>link</AttributeType><IsRequired>true</IsRequired><Value i:type="a:string" xmlns:a="http://www.w3.org/2001/XMLSchema"/></Attribute></Attributes><ChildElements/><ElementName>parent</ElementName><required>true</required><NameAttribute z:Ref="i780"/></URDFElement><URDFElement z:Id="i781" i:type="ChildLink"><Attributes><Attribute z:Id="i782"><AttributeType>link</AttributeType><IsRequired>true</IsRequired><Value i:type="a:string" xmlns:a="http://www.w3.org/2001/XMLSchema"/></Attribute></Attributes><ChildElements/><ElementName>child</ElementName><required>true</required><NameAttribute z:Ref="i782"/></URDFElement><URDFElement z:Id="i783" i:type="Axis"><Attributes><Attribute z:Id="i784"><AttributeType>xyz</AttributeType><IsRequired>true</IsRequired><Value i:type="a:ArrayOfdouble" xmlns:a="http://schemas.microsoft.com/2003/10/Serialization/Arrays"><a:double>0</a:double><a:double>0</a:double><a:double>0</a:double></Value></Attribute></Attributes><ChildElements/><ElementName>axis</ElementName><required>false</required><XYZAttribute z:Ref="i784"/></URDFElement><URDFElement z:Id="i785" i:type="Limit"><Attributes><Attribute z:Id="i786"><AttributeType>lower</AttributeType><IsRequired>false</IsRequired><Value i:nil="true"/></Attribute><Attribute z:Id="i787"><AttributeType>upper</AttributeType><IsRequired>false</IsRequired><Value i:nil="true"/></Attribute><Attribute z:Id="i788"><AttributeType>effort</AttributeType><IsRequired>true</IsRequired><Value i:nil="true"/></Attribute><Attribute z:Id="i789"><AttributeType>velocity</AttributeType><IsRequired>true</IsRequired><Value i:nil="true"/></Attribute></Attributes><ChildElements/><ElementName>limit</ElementName><required>false</required><EffortAttribute z:Ref="i788"/><LowerAttribute z:Ref="i786"/><UpperAttribute z:Ref="i787"/><VelocityAttribute z:Ref="i789"/></URDFElement><URDFElement z:Id="i790" i:type="Calibration"><Attributes><Attribute z:Id="i791"><AttributeType>rising</AttributeType><IsRequired>false</IsRequired><Value i:nil="true"/></Attribute><Attribute z:Id="i792"><AttributeType>falling</AttributeType><IsRequired>false</IsRequired><Value i:nil="true"/></Attribute></Attributes><ChildElements/><ElementName>calibration</ElementName><required>false</required><FallingAttribute z:Ref="i792"/><RisingAttribute z:Ref="i791"/></URDFElement><URDFElement z:Id="i793" i:type="Dynamics"><Attributes><Attribute z:Id="i794"><AttributeType>damping</AttributeType><IsRequired>false</IsRequired><Value i:nil="true"/></Attribute><Attribute z:Id="i795"><AttributeType>friction</AttributeType><IsRequired>false</IsRequired><Value i:nil="true"/></Attribute></Attributes><ChildElements/><ElementName>dynamics</ElementName><required>false</required><DampingAttribute z:Ref="i794"/><FrictionAttribute z:Ref="i795"/></URDFElement><URDFElement z:Id="i796" i:type="SafetyController"><Attributes><Attribute z:Id="i797"><AttributeType>soft_upper_limit</AttributeType><IsRequired>false</IsRequired><Value i:nil="true"/></Attribute><Attribute z:Id="i798"><AttributeType>soft_lower_limit</AttributeType><IsRequired>false</IsRequired><Value i:nil="true"/></Attribute><Attribute z:Id="i799"><AttributeType>k_position</AttributeType><IsRequired>false</IsRequired><Value i:nil="true"/></Attribute><Attribute z:Id="i800"><AttributeType>k_velocity</AttributeType><IsRequired>true</IsRequired><Value i:nil="true"/></Attribute></Attributes><ChildElements/><ElementName>safety_controller</ElementName><required>false</required><KPositionAttribute z:Ref="i799"/><KVelocityAttribute z:Ref="i800"/><SoftLowerAttribute z:Ref="i798"/><SoftUpperAttribute z:Ref="i797"/></URDFElement><URDFElement z:Id="i801" i:type="Mimic"><Attributes><Attribute z:Id="i802"><AttributeType>joint</AttributeType><IsRequired>true</IsRequired><Value i:nil="true"/></Attribute><Attribute z:Id="i803"><AttributeType>multiplier</AttributeType><IsRequired>false</IsRequired><Value i:nil="true"/></Attribute><Attribute z:Id="i804"><AttributeType>offset</AttributeType><IsRequired>false</IsRequired><Value i:nil="true"/></Attribute></Attributes><ChildElements/><ElementName>mimic</ElementName><required>false</required><JointNameAttribute z:Ref="i802"/><MultiplierAttribute z:Ref="i803"/><OffsetAttribute z:Ref="i804"/></URDFElement></ChildElements><ElementName>joint</ElementName><required>false</required><Axis z:Ref="i783"/><AxisName>?????????8</AxisName><Calibration z:Ref="i790"/><Child z:Ref="i781"/><CoordinateSystemName>?????????14</CoordinateSystemName><Dynamics z:Ref="i793"/><Limit z:Ref="i785"/><Mimic z:Ref="i801"/><NameAttribute z:Ref="i774"/><Origin z:Ref="i776"/><Parent z:Ref="i779"/><Safety z:Ref="i796"/><TypeAttribute z:Ref="i775"/></URDFElement></ChildElements><ElementName>link</ElementName><required>true</required><Children><Link z:Id="i805"><Attributes><Attribute z:Id="i806"><AttributeType>name</AttributeType><IsRequired>true</IsRequired><Value i:type="a:string" xmlns:a="http://www.w3.org/2001/XMLSchema">R_B_S_wheel_Link</Value></Attribute></Attributes><ChildElements><URDFElement z:Id="i807" i:type="Inertial"><Attributes/><ChildElements><URDFElement z:Id="i808" i:type="Origin"><Attributes><Attribute z:Id="i809"><AttributeType>xyz</AttributeType><IsRequired>true</IsRequired><Value i:type="a:ArrayOfdouble" xmlns:a="http://schemas.microsoft.com/2003/10/Serialization/Arrays"><a:double>0</a:double><a:double>0</a:double><a:double>0</a:double></Value></Attribute><Attribute z:Id="i810"><AttributeType>rpy</AttributeType><IsRequired>true</IsRequired><Value i:type="a:ArrayOfdouble" xmlns:a="http://schemas.microsoft.com/2003/10/Serialization/Arrays"><a:double>0</a:double><a:double>0</a:double><a:double>0</a:double></Value></Attribute></Attributes><ChildElements/><ElementName>origin</ElementName><required>false</required><RPYAttribute z:Ref="i810"/><XYZAttribute z:Ref="i809"/><isCustomized>false</isCustomized></URDFElement><URDFElement z:Id="i811" i:type="Mass"><Attributes><Attribute z:Id="i812"><AttributeType>value</AttributeType><IsRequired>true</IsRequired><Value i:type="a:double" xmlns:a="http://www.w3.org/2001/XMLSchema">0</Value></Attribute></Attributes><ChildElements/><ElementName>mass</ElementName><required>false</required><ValueAttribute z:Ref="i812"/></URDFElement><URDFElement z:Id="i813" i:type="Inertia"><Attributes><Attribute z:Id="i814"><AttributeType>ixx</AttributeType><IsRequired>true</IsRequired><Value i:type="a:double" xmlns:a="http://www.w3.org/2001/XMLSchema">0</Value></Attribute><Attribute z:Id="i815"><AttributeType>ixy</AttributeType><IsRequired>true</IsRequired><Value i:type="a:double" xmlns:a="http://www.w3.org/2001/XMLSchema">0</Value></Attribute><Attribute z:Id="i816"><AttributeType>ixz</AttributeType><IsRequired>true</IsRequired><Value i:type="a:double" xmlns:a="http://www.w3.org/2001/XMLSchema">0</Value></Attribute><Attribute z:Id="i817"><AttributeType>iyy</AttributeType><IsRequired>true</IsRequired><Value i:type="a:double" xmlns:a="http://www.w3.org/2001/XMLSchema">0</Value></Attribute><Attribute z:Id="i818"><AttributeType>iyz</AttributeType><IsRequired>true</IsRequired><Value i:type="a:double" xmlns:a="http://www.w3.org/2001/XMLSchema">0</Value></Attribute><Attribute z:Id="i819"><AttributeType>izz</AttributeType><IsRequired>true</IsRequired><Value i:type="a:double" xmlns:a="http://www.w3.org/2001/XMLSchema">0</Value></Attribute></Attributes><ChildElements/><ElementName>inertia</ElementName><required>false</required><IxxAttribute z:Ref="i814"/><IxyAttribute z:Ref="i815"/><IxzAttribute z:Ref="i816"/><IyyAttribute z:Ref="i817"/><IyzAttribute z:Ref="i818"/><IzzAttribute z:Ref="i819"/></URDFElement></ChildElements><ElementName>inertial</ElementName><required>false</required><Inertia z:Ref="i813"/><Mass z:Ref="i811"/><Origin z:Ref="i808"/></URDFElement><URDFElement z:Id="i820" i:type="Visual"><Attributes/><ChildElements><URDFElement z:Id="i821" i:type="Origin"><Attributes><Attribute z:Id="i822"><AttributeType>xyz</AttributeType><IsRequired>true</IsRequired><Value i:type="a:ArrayOfdouble" xmlns:a="http://schemas.microsoft.com/2003/10/Serialization/Arrays"><a:double>0</a:double><a:double>0</a:double><a:double>0</a:double></Value></Attribute><Attribute z:Id="i823"><AttributeType>rpy</AttributeType><IsRequired>true</IsRequired><Value i:type="a:ArrayOfdouble" xmlns:a="http://schemas.microsoft.com/2003/10/Serialization/Arrays"><a:double>0</a:double><a:double>0</a:double><a:double>0</a:double></Value></Attribute></Attributes><ChildElements/><ElementName>origin</ElementName><required>false</required><RPYAttribute z:Ref="i823"/><XYZAttribute z:Ref="i822"/><isCustomized>false</isCustomized></URDFElement><URDFElement z:Id="i824" i:type="Geometry"><Attributes/><ChildElements><URDFElement z:Id="i825" i:type="Mesh"><Attributes><Attribute z:Id="i826"><AttributeType>filename</AttributeType><IsRequired>true</IsRequired><Value i:nil="true"/></Attribute></Attributes><ChildElements/><ElementName>mesh</ElementName><required>false</required><FilenameAttribute z:Ref="i826"/></URDFElement></ChildElements><ElementName>geometry</ElementName><required>true</required><Mesh z:Ref="i825"/></URDFElement><URDFElement z:Id="i827" i:type="Material"><Attributes><Attribute z:Id="i828"><AttributeType>name</AttributeType><IsRequired>true</IsRequired><Value i:type="a:string" xmlns:a="http://www.w3.org/2001/XMLSchema"/></Attribute></Attributes><ChildElements><URDFElement z:Id="i829" i:type="Color"><Attributes><Attribute z:Id="i830"><AttributeType>rgba</AttributeType><IsRequired>true</IsRequired><Value i:type="a:ArrayOfdouble" xmlns:a="http://schemas.microsoft.com/2003/10/Serialization/Arrays"><a:double>1</a:double><a:double>1</a:double><a:double>1</a:double><a:double>1</a:double></Value></Attribute></Attributes><ChildElements/><ElementName>color</ElementName><required>false</required><RGBAAttribute z:Ref="i830"/></URDFElement><URDFElement z:Id="i831" i:type="Texture"><Attributes><Attribute z:Id="i832"><AttributeType>filename</AttributeType><IsRequired>true</IsRequired><Value i:nil="true"/></Attribute></Attributes><ChildElements/><ElementName>texture</ElementName><required>false</required><FilenameAttribute z:Ref="i832"/><wFilename/></URDFElement></ChildElements><ElementName>material</ElementName><required>false</required><Color z:Ref="i829"/><NameAttribute z:Ref="i828"/><Texture z:Ref="i831"/></URDFElement></ChildElements><ElementName>visual</ElementName><required>false</required><Geometry z:Ref="i824"/><Material z:Ref="i827"/><Origin z:Ref="i821"/></URDFElement><URDFElement z:Id="i833" i:type="Collision"><Attributes/><ChildElements><URDFElement z:Id="i834" i:type="Origin"><Attributes><Attribute z:Id="i835"><AttributeType>xyz</AttributeType><IsRequired>true</IsRequired><Value i:type="a:ArrayOfdouble" xmlns:a="http://schemas.microsoft.com/2003/10/Serialization/Arrays"><a:double>0</a:double><a:double>0</a:double><a:double>0</a:double></Value></Attribute><Attribute z:Id="i836"><AttributeType>rpy</AttributeType><IsRequired>true</IsRequired><Value i:type="a:ArrayOfdouble" xmlns:a="http://schemas.microsoft.com/2003/10/Serialization/Arrays"><a:double>0</a:double><a:double>0</a:double><a:double>0</a:double></Value></Attribute></Attributes><ChildElements/><ElementName>origin</ElementName><required>false</required><RPYAttribute z:Ref="i836"/><XYZAttribute z:Ref="i835"/><isCustomized>false</isCustomized></URDFElement><URDFElement z:Id="i837" i:type="Geometry"><Attributes/><ChildElements><URDFElement z:Id="i838" i:type="Mesh"><Attributes><Attribute z:Id="i839"><AttributeType>filename</AttributeType><IsRequired>true</IsRequired><Value i:nil="true"/></Attribute></Attributes><ChildElements/><ElementName>mesh</ElementName><required>false</required><FilenameAttribute z:Ref="i839"/></URDFElement></ChildElements><ElementName>geometry</ElementName><required>true</required><Mesh z:Ref="i838"/></URDFElement></ChildElements><ElementName>collision</ElementName><required>false</required><Geometry z:Ref="i837"/><Origin z:Ref="i834"/></URDFElement><URDFElement z:Id="i840" i:type="Joint"><Attributes><Attribute z:Id="i841"><AttributeType>name</AttributeType><IsRequired>true</IsRequired><Value i:type="a:string" xmlns:a="http://www.w3.org/2001/XMLSchema">R_B_S_wheel</Value></Attribute><Attribute z:Id="i842"><AttributeType>type</AttributeType><IsRequired>true</IsRequired><Value i:type="a:string" xmlns:a="http://www.w3.org/2001/XMLSchema">continuous</Value></Attribute></Attributes><ChildElements><URDFElement z:Id="i843" i:type="Origin"><Attributes><Attribute z:Id="i844"><AttributeType>xyz</AttributeType><IsRequired>true</IsRequired><Value i:type="a:ArrayOfdouble" xmlns:a="http://schemas.microsoft.com/2003/10/Serialization/Arrays"><a:double>0</a:double><a:double>0</a:double><a:double>0</a:double></Value></Attribute><Attribute z:Id="i845"><AttributeType>rpy</AttributeType><IsRequired>true</IsRequired><Value i:type="a:ArrayOfdouble" xmlns:a="http://schemas.microsoft.com/2003/10/Serialization/Arrays"><a:double>0</a:double><a:double>0</a:double><a:double>0</a:double></Value></Attribute></Attributes><ChildElements/><ElementName>origin</ElementName><required>false</required><RPYAttribute z:Ref="i845"/><XYZAttribute z:Ref="i844"/><isCustomized>false</isCustomized></URDFElement><URDFElement z:Id="i846" i:type="ParentLink"><Attributes><Attribute z:Id="i847"><AttributeType>link</AttributeType><IsRequired>true</IsRequired><Value i:type="a:string" xmlns:a="http://www.w3.org/2001/XMLSchema"/></Attribute></Attributes><ChildElements/><ElementName>parent</ElementName><required>true</required><NameAttribute z:Ref="i847"/></URDFElement><URDFElement z:Id="i848" i:type="ChildLink"><Attributes><Attribute z:Id="i849"><AttributeType>link</AttributeType><IsRequired>true</IsRequired><Value i:type="a:string" xmlns:a="http://www.w3.org/2001/XMLSchema"/></Attribute></Attributes><ChildElements/><ElementName>child</ElementName><required>true</required><NameAttribute z:Ref="i849"/></URDFElement><URDFElement z:Id="i850" i:type="Axis"><Attributes><Attribute z:Id="i851"><AttributeType>xyz</AttributeType><IsRequired>true</IsRequired><Value i:type="a:ArrayOfdouble" xmlns:a="http://schemas.microsoft.com/2003/10/Serialization/Arrays"><a:double>0</a:double><a:double>0</a:double><a:double>0</a:double></Value></Attribute></Attributes><ChildElements/><ElementName>axis</ElementName><required>false</required><XYZAttribute z:Ref="i851"/></URDFElement><URDFElement z:Id="i852" i:type="Limit"><Attributes><Attribute z:Id="i853"><AttributeType>lower</AttributeType><IsRequired>false</IsRequired><Value i:nil="true"/></Attribute><Attribute z:Id="i854"><AttributeType>upper</AttributeType><IsRequired>false</IsRequired><Value i:nil="true"/></Attribute><Attribute z:Id="i855"><AttributeType>effort</AttributeType><IsRequired>true</IsRequired><Value i:nil="true"/></Attribute><Attribute z:Id="i856"><AttributeType>velocity</AttributeType><IsRequired>true</IsRequired><Value i:nil="true"/></Attribute></Attributes><ChildElements/><ElementName>limit</ElementName><required>false</required><EffortAttribute z:Ref="i855"/><LowerAttribute z:Ref="i853"/><UpperAttribute z:Ref="i854"/><VelocityAttribute z:Ref="i856"/></URDFElement><URDFElement z:Id="i857" i:type="Calibration"><Attributes><Attribute z:Id="i858"><AttributeType>rising</AttributeType><IsRequired>false</IsRequired><Value i:nil="true"/></Attribute><Attribute z:Id="i859"><AttributeType>falling</AttributeType><IsRequired>false</IsRequired><Value i:nil="true"/></Attribute></Attributes><ChildElements/><ElementName>calibration</ElementName><required>false</required><FallingAttribute z:Ref="i859"/><RisingAttribute z:Ref="i858"/></URDFElement><URDFElement z:Id="i860" i:type="Dynamics"><Attributes><Attribute z:Id="i861"><AttributeType>damping</AttributeType><IsRequired>false</IsRequired><Value i:nil="true"/></Attribute><Attribute z:Id="i862"><AttributeType>friction</AttributeType><IsRequired>false</IsRequired><Value i:nil="true"/></Attribute></Attributes><ChildElements/><ElementName>dynamics</ElementName><required>false</required><DampingAttribute z:Ref="i861"/><FrictionAttribute z:Ref="i862"/></URDFElement><URDFElement z:Id="i863" i:type="SafetyController"><Attributes><Attribute z:Id="i864"><AttributeType>soft_upper_limit</AttributeType><IsRequired>false</IsRequired><Value i:nil="true"/></Attribute><Attribute z:Id="i865"><AttributeType>soft_lower_limit</AttributeType><IsRequired>false</IsRequired><Value i:nil="true"/></Attribute><Attribute z:Id="i866"><AttributeType>k_position</AttributeType><IsRequired>false</IsRequired><Value i:nil="true"/></Attribute><Attribute z:Id="i867"><AttributeType>k_velocity</AttributeType><IsRequired>true</IsRequired><Value i:nil="true"/></Attribute></Attributes><ChildElements/><ElementName>safety_controller</ElementName><required>false</required><KPositionAttribute z:Ref="i866"/><KVelocityAttribute z:Ref="i867"/><SoftLowerAttribute z:Ref="i865"/><SoftUpperAttribute z:Ref="i864"/></URDFElement><URDFElement z:Id="i868" i:type="Mimic"><Attributes><Attribute z:Id="i869"><AttributeType>joint</AttributeType><IsRequired>true</IsRequired><Value i:nil="true"/></Attribute><Attribute z:Id="i870"><AttributeType>multiplier</AttributeType><IsRequired>false</IsRequired><Value i:nil="true"/></Attribute><Attribute z:Id="i871"><AttributeType>offset</AttributeType><IsRequired>false</IsRequired><Value i:nil="true"/></Attribute></Attributes><ChildElements/><ElementName>mimic</ElementName><required>false</required><JointNameAttribute z:Ref="i869"/><MultiplierAttribute z:Ref="i870"/><OffsetAttribute z:Ref="i871"/></URDFElement></ChildElements><ElementName>joint</ElementName><required>false</required><Axis z:Ref="i850"/><AxisName>?????????12</AxisName><Calibration z:Ref="i857"/><Child z:Ref="i848"/><CoordinateSystemName>?????????18</CoordinateSystemName><Dynamics z:Ref="i860"/><Limit z:Ref="i852"/><Mimic z:Ref="i868"/><NameAttribute z:Ref="i841"/><Origin z:Ref="i843"/><Parent z:Ref="i846"/><Safety z:Ref="i863"/><TypeAttribute z:Ref="i842"/></URDFElement></ChildElements><ElementName>link</ElementName><required>true</required><Children/><Collision z:Ref="i833"/><Inertial z:Ref="i807"/><Joint z:Ref="i840"/><NameAttribute z:Ref="i806"/><Parent z:Ref="i738"/><STLQualityFine>false</STLQualityFine><SWComponentPIDs xmlns:a="http://schemas.microsoft.com/2003/10/Serialization/Arrays"><a:base64Binary>aEIAAAUAAAD//v8WkWRGZy0AMQA0AEAAQQBBAEEAO2DFiC8AB2jGUQ9cbo9QWy0AMQBAAJFkRmcEAAAAEAAAAAEAAAACAAAAthUAACEAAAA=</a:base64Binary></SWComponentPIDs><SWMainComponentPID i:nil="true"/><Visual z:Ref="i820"/><isFixedFrame>false</isFixedFrame><isIncomplete>false</isIncomplete></Link></Children><Collision z:Ref="i766"/><Inertial z:Ref="i740"/><Joint z:Ref="i773"/><NameAttribute z:Ref="i739"/><Parent z:Ref="i1"/><STLQualityFine>false</STLQualityFine><SWComponentPIDs xmlns:a="http://schemas.microsoft.com/2003/10/Serialization/Arrays"><a:base64Binary>aEIAAAUAAAD//v8VkWRGZy0AMQA0AEAAQQBBAEEAO2DFiC8AkWRGZ59TuXAtADEAQACRZEZnBAAAABAAAAABAAAAAgAAALYVAABaAAAA</a:base64Binary><a:base64Binary>aEIAAAUAAAD//v8UkWRGZy0AMQA0AEAAQQBBAEEAO2DFiC8AsGUagZFkLQAxAEAAkWRGZwQAAAAQAAAAAQAAAAIAAAC2FQAAGwAAAA==</a:base64Binary><a:base64Binary>aEIAAAUAAAD//v8UkWRGZy0AMQA0AEAAQQBBAEEAO2DFiC8AsGUagZFkLQAyAEAAkWRGZwQAAAAQAAAAAQAAAAIAAAC2FQAAHAAAAA==</a:base64Binary><a:base64Binary>aEIAAAUAAAD//v8ZkWRGZy0AMQA0AEAAQQBBAEEAO2DFiC8ACU7SiZFkdI9/YhZZIWMIVy0AMQBAAJFkRmcEAAAAEAAAAAEAAAACAAAAthUAAGsAAAA=</a:base64Binary><a:base64Binary>aEIAAAUAAAD//v8YkWRGZy0AMQA0AEAAQQBBAEEAO2DFiC8ACU7SiZFkNXU6Z96PpWMtADEAQACRZEZnBAAAABAAAAABAAAAAgAAALYVAABsAAAA</a:base64Binary><a:base64Binary>aEIAAAUAAAD//v8ZkWRGZy0AMQA0AEAAQQBBAEEAO2DFiC8ACU7SiZFkdI9/YoVRIWMIVy0AMQBAAJFkRmcEAAAAEAAAAAEAAAACAAAAthUAAHcAAAA=</a:base64Binary><a:base64Binary>aEIAAAUAAAD//v8bkWRGZy0AMQA0AEAAQQBBAEEAO2DFiC8AhVEzADUAFlk0ADcAhIXBWHSPf2ItADEAQACRZEZnBAAAABAAAAABAAAAAgAAALYVAAB6AAAA</a:base64Binary></SWComponentPIDs><SWMainComponentPID i:nil="true"/><Visual z:Ref="i753"/><isFixedFrame>false</isFixedFrame><isIncomplete>false</isIncomplete></Link><Link z:Id="i872"><Attributes><Attribute z:Id="i873"><AttributeType>name</AttributeType><IsRequired>true</IsRequired><Value i:type="a:string" xmlns:a="http://www.w3.org/2001/XMLSchema">most_L_F_wheel_Link</Value></Attribute></Attributes><ChildElements><URDFElement z:Id="i874" i:type="Inertial"><Attributes/><ChildElements><URDFElement z:Id="i875" i:type="Origin"><Attributes><Attribute z:Id="i876"><AttributeType>xyz</AttributeType><IsRequired>true</IsRequired><Value i:type="a:ArrayOfdouble" xmlns:a="http://schemas.microsoft.com/2003/10/Serialization/Arrays"><a:double>0</a:double><a:double>0</a:double><a:double>0</a:double></Value></Attribute><Attribute z:Id="i877"><AttributeType>rpy</AttributeType><IsRequired>true</IsRequired><Value i:type="a:ArrayOfdouble" xmlns:a="http://schemas.microsoft.com/2003/10/Serialization/Arrays"><a:double>0</a:double><a:double>0</a:double><a:double>0</a:double></Value></Attribute></Attributes><ChildElements/><ElementName>origin</ElementName><required>false</required><RPYAttribute z:Ref="i877"/><XYZAttribute z:Ref="i876"/><isCustomized>false</isCustomized></URDFElement><URDFElement z:Id="i878" i:type="Mass"><Attributes><Attribute z:Id="i879"><AttributeType>value</AttributeType><IsRequired>true</IsRequired><Value i:type="a:double" xmlns:a="http://www.w3.org/2001/XMLSchema">0</Value></Attribute></Attributes><ChildElements/><ElementName>mass</ElementName><required>false</required><ValueAttribute z:Ref="i879"/></URDFElement><URDFElement z:Id="i880" i:type="Inertia"><Attributes><Attribute z:Id="i881"><AttributeType>ixx</AttributeType><IsRequired>true</IsRequired><Value i:type="a:double" xmlns:a="http://www.w3.org/2001/XMLSchema">0</Value></Attribute><Attribute z:Id="i882"><AttributeType>ixy</AttributeType><IsRequired>true</IsRequired><Value i:type="a:double" xmlns:a="http://www.w3.org/2001/XMLSchema">0</Value></Attribute><Attribute z:Id="i883"><AttributeType>ixz</AttributeType><IsRequired>true</IsRequired><Value i:type="a:double" xmlns:a="http://www.w3.org/2001/XMLSchema">0</Value></Attribute><Attribute z:Id="i884"><AttributeType>iyy</AttributeType><IsRequired>true</IsRequired><Value i:type="a:double" xmlns:a="http://www.w3.org/2001/XMLSchema">0</Value></Attribute><Attribute z:Id="i885"><AttributeType>iyz</AttributeType><IsRequired>true</IsRequired><Value i:type="a:double" xmlns:a="http://www.w3.org/2001/XMLSchema">0</Value></Attribute><Attribute z:Id="i886"><AttributeType>izz</AttributeType><IsRequired>true</IsRequired><Value i:type="a:double" xmlns:a="http://www.w3.org/2001/XMLSchema">0</Value></Attribute></Attributes><ChildElements/><ElementName>inertia</ElementName><required>false</required><IxxAttribute z:Ref="i881"/><IxyAttribute z:Ref="i882"/><IxzAttribute z:Ref="i883"/><IyyAttribute z:Ref="i884"/><IyzAttribute z:Ref="i885"/><IzzAttribute z:Ref="i886"/></URDFElement></ChildElements><ElementName>inertial</ElementName><required>false</required><Inertia z:Ref="i880"/><Mass z:Ref="i878"/><Origin z:Ref="i875"/></URDFElement><URDFElement z:Id="i887" i:type="Visual"><Attributes/><ChildElements><URDFElement z:Id="i888" i:type="Origin"><Attributes><Attribute z:Id="i889"><AttributeType>xyz</AttributeType><IsRequired>true</IsRequired><Value i:type="a:ArrayOfdouble" xmlns:a="http://schemas.microsoft.com/2003/10/Serialization/Arrays"><a:double>0</a:double><a:double>0</a:double><a:double>0</a:double></Value></Attribute><Attribute z:Id="i890"><AttributeType>rpy</AttributeType><IsRequired>true</IsRequired><Value i:type="a:ArrayOfdouble" xmlns:a="http://schemas.microsoft.com/2003/10/Serialization/Arrays"><a:double>0</a:double><a:double>0</a:double><a:double>0</a:double></Value></Attribute></Attributes><ChildElements/><ElementName>origin</ElementName><required>false</required><RPYAttribute z:Ref="i890"/><XYZAttribute z:Ref="i889"/><isCustomized>false</isCustomized></URDFElement><URDFElement z:Id="i891" i:type="Geometry"><Attributes/><ChildElements><URDFElement z:Id="i892" i:type="Mesh"><Attributes><Attribute z:Id="i893"><AttributeType>filename</AttributeType><IsRequired>true</IsRequired><Value i:nil="true"/></Attribute></Attributes><ChildElements/><ElementName>mesh</ElementName><required>false</required><FilenameAttribute z:Ref="i893"/></URDFElement></ChildElements><ElementName>geometry</ElementName><required>true</required><Mesh z:Ref="i892"/></URDFElement><URDFElement z:Id="i894" i:type="Material"><Attributes><Attribute z:Id="i895"><AttributeType>name</AttributeType><IsRequired>true</IsRequired><Value i:type="a:string" xmlns:a="http://www.w3.org/2001/XMLSchema"/></Attribute></Attributes><ChildElements><URDFElement z:Id="i896" i:type="Color"><Attributes><Attribute z:Id="i897"><AttributeType>rgba</AttributeType><IsRequired>true</IsRequired><Value i:type="a:ArrayOfdouble" xmlns:a="http://schemas.microsoft.com/2003/10/Serialization/Arrays"><a:double>1</a:double><a:double>1</a:double><a:double>1</a:double><a:double>1</a:double></Value></Attribute></Attributes><ChildElements/><ElementName>color</ElementName><required>false</required><RGBAAttribute z:Ref="i897"/></URDFElement><URDFElement z:Id="i898" i:type="Texture"><Attributes><Attribute z:Id="i899"><AttributeType>filename</AttributeType><IsRequired>true</IsRequired><Value i:nil="true"/></Attribute></Attributes><ChildElements/><ElementName>texture</ElementName><required>false</required><FilenameAttribute z:Ref="i899"/><wFilename/></URDFElement></ChildElements><ElementName>material</ElementName><required>false</required><Color z:Ref="i896"/><NameAttribute z:Ref="i895"/><Texture z:Ref="i898"/></URDFElement></ChildElements><ElementName>visual</ElementName><required>false</required><Geometry z:Ref="i891"/><Material z:Ref="i894"/><Origin z:Ref="i888"/></URDFElement><URDFElement z:Id="i900" i:type="Collision"><Attributes/><ChildElements><URDFElement z:Id="i901" i:type="Origin"><Attributes><Attribute z:Id="i902"><AttributeType>xyz</AttributeType><IsRequired>true</IsRequired><Value i:type="a:ArrayOfdouble" xmlns:a="http://schemas.microsoft.com/2003/10/Serialization/Arrays"><a:double>0</a:double><a:double>0</a:double><a:double>0</a:double></Value></Attribute><Attribute z:Id="i903"><AttributeType>rpy</AttributeType><IsRequired>true</IsRequired><Value i:type="a:ArrayOfdouble" xmlns:a="http://schemas.microsoft.com/2003/10/Serialization/Arrays"><a:double>0</a:double><a:double>0</a:double><a:double>0</a:double></Value></Attribute></Attributes><ChildElements/><ElementName>origin</ElementName><required>false</required><RPYAttribute z:Ref="i903"/><XYZAttribute z:Ref="i902"/><isCustomized>false</isCustomized></URDFElement><URDFElement z:Id="i904" i:type="Geometry"><Attributes/><ChildElements><URDFElement z:Id="i905" i:type="Mesh"><Attributes><Attribute z:Id="i906"><AttributeType>filename</AttributeType><IsRequired>true</IsRequired><Value i:nil="true"/></Attribute></Attributes><ChildElements/><ElementName>mesh</ElementName><required>false</required><FilenameAttribute z:Ref="i906"/></URDFElement></ChildElements><ElementName>geometry</ElementName><required>true</required><Mesh z:Ref="i905"/></URDFElement></ChildElements><ElementName>collision</ElementName><required>false</required><Geometry z:Ref="i904"/><Origin z:Ref="i901"/></URDFElement><URDFElement z:Id="i907" i:type="Joint"><Attributes><Attribute z:Id="i908"><AttributeType>name</AttributeType><IsRequired>true</IsRequired><Value i:type="a:string" xmlns:a="http://www.w3.org/2001/XMLSchema">most_L_F_wheel</Value></Attribute><Attribute z:Id="i909"><AttributeType>type</AttributeType><IsRequired>true</IsRequired><Value i:type="a:string" xmlns:a="http://www.w3.org/2001/XMLSchema">continuous</Value></Attribute></Attributes><ChildElements><URDFElement z:Id="i910" i:type="Origin"><Attributes><Attribute z:Id="i911"><AttributeType>xyz</AttributeType><IsRequired>true</IsRequired><Value i:type="a:ArrayOfdouble" xmlns:a="http://schemas.microsoft.com/2003/10/Serialization/Arrays"><a:double>0</a:double><a:double>0</a:double><a:double>0</a:double></Value></Attribute><Attribute z:Id="i912"><AttributeType>rpy</AttributeType><IsRequired>true</IsRequired><Value i:type="a:ArrayOfdouble" xmlns:a="http://schemas.microsoft.com/2003/10/Serialization/Arrays"><a:double>0</a:double><a:double>0</a:double><a:double>0</a:double></Value></Attribute></Attributes><ChildElements/><ElementName>origin</ElementName><required>false</required><RPYAttribute z:Ref="i912"/><XYZAttribute z:Ref="i911"/><isCustomized>false</isCustomized></URDFElement><URDFElement z:Id="i913" i:type="ParentLink"><Attributes><Attribute z:Id="i914"><AttributeType>link</AttributeType><IsRequired>true</IsRequired><Value i:type="a:string" xmlns:a="http://www.w3.org/2001/XMLSchema"/></Attribute></Attributes><ChildElements/><ElementName>parent</ElementName><required>true</required><NameAttribute z:Ref="i914"/></URDFElement><URDFElement z:Id="i915" i:type="ChildLink"><Attributes><Attribute z:Id="i916"><AttributeType>link</AttributeType><IsRequired>true</IsRequired><Value i:type="a:string" xmlns:a="http://www.w3.org/2001/XMLSchema"/></Attribute></Attributes><ChildElements/><ElementName>child</ElementName><required>true</required><NameAttribute z:Ref="i916"/></URDFElement><URDFElement z:Id="i917" i:type="Axis"><Attributes><Attribute z:Id="i918"><AttributeType>xyz</AttributeType><IsRequired>true</IsRequired><Value i:type="a:ArrayOfdouble" xmlns:a="http://schemas.microsoft.com/2003/10/Serialization/Arrays"><a:double>0</a:double><a:double>0</a:double><a:double>0</a:double></Value></Attribute></Attributes><ChildElements/><ElementName>axis</ElementName><required>false</required><XYZAttribute z:Ref="i918"/></URDFElement><URDFElement z:Id="i919" i:type="Limit"><Attributes><Attribute z:Id="i920"><AttributeType>lower</AttributeType><IsRequired>false</IsRequired><Value i:nil="true"/></Attribute><Attribute z:Id="i921"><AttributeType>upper</AttributeType><IsRequired>false</IsRequired><Value i:nil="true"/></Attribute><Attribute z:Id="i922"><AttributeType>effort</AttributeType><IsRequired>true</IsRequired><Value i:nil="true"/></Attribute><Attribute z:Id="i923"><AttributeType>velocity</AttributeType><IsRequired>true</IsRequired><Value i:nil="true"/></Attribute></Attributes><ChildElements/><ElementName>limit</ElementName><required>false</required><EffortAttribute z:Ref="i922"/><LowerAttribute z:Ref="i920"/><UpperAttribute z:Ref="i921"/><VelocityAttribute z:Ref="i923"/></URDFElement><URDFElement z:Id="i924" i:type="Calibration"><Attributes><Attribute z:Id="i925"><AttributeType>rising</AttributeType><IsRequired>false</IsRequired><Value i:nil="true"/></Attribute><Attribute z:Id="i926"><AttributeType>falling</AttributeType><IsRequired>false</IsRequired><Value i:nil="true"/></Attribute></Attributes><ChildElements/><ElementName>calibration</ElementName><required>false</required><FallingAttribute z:Ref="i926"/><RisingAttribute z:Ref="i925"/></URDFElement><URDFElement z:Id="i927" i:type="Dynamics"><Attributes><Attribute z:Id="i928"><AttributeType>damping</AttributeType><IsRequired>false</IsRequired><Value i:nil="true"/></Attribute><Attribute z:Id="i929"><AttributeType>friction</AttributeType><IsRequired>false</IsRequired><Value i:nil="true"/></Attribute></Attributes><ChildElements/><ElementName>dynamics</ElementName><required>false</required><DampingAttribute z:Ref="i928"/><FrictionAttribute z:Ref="i929"/></URDFElement><URDFElement z:Id="i930" i:type="SafetyController"><Attributes><Attribute z:Id="i931"><AttributeType>soft_upper_limit</AttributeType><IsRequired>false</IsRequired><Value i:nil="true"/></Attribute><Attribute z:Id="i932"><AttributeType>soft_lower_limit</AttributeType><IsRequired>false</IsRequired><Value i:nil="true"/></Attribute><Attribute z:Id="i933"><AttributeType>k_position</AttributeType><IsRequired>false</IsRequired><Value i:nil="true"/></Attribute><Attribute z:Id="i934"><AttributeType>k_velocity</AttributeType><IsRequired>true</IsRequired><Value i:nil="true"/></Attribute></Attributes><ChildElements/><ElementName>safety_controller</ElementName><required>false</required><KPositionAttribute z:Ref="i933"/><KVelocityAttribute z:Ref="i934"/><SoftLowerAttribute z:Ref="i932"/><SoftUpperAttribute z:Ref="i931"/></URDFElement><URDFElement z:Id="i935" i:type="Mimic"><Attributes><Attribute z:Id="i936"><AttributeType>joint</AttributeType><IsRequired>true</IsRequired><Value i:nil="true"/></Attribute><Attribute z:Id="i937"><AttributeType>multiplier</AttributeType><IsRequired>false</IsRequired><Value i:nil="true"/></Attribute><Attribute z:Id="i938"><AttributeType>offset</AttributeType><IsRequired>false</IsRequired><Value i:nil="true"/></Attribute></Attributes><ChildElements/><ElementName>mimic</ElementName><required>false</required><JointNameAttribute z:Ref="i936"/><MultiplierAttribute z:Ref="i937"/><OffsetAttribute z:Ref="i938"/></URDFElement></ChildElements><ElementName>joint</ElementName><required>false</required><Axis z:Ref="i917"/><AxisName>?????????13</AxisName><Calibration z:Ref="i924"/><Child z:Ref="i915"/><CoordinateSystemName>?????????19</CoordinateSystemName><Dynamics z:Ref="i927"/><Limit z:Ref="i919"/><Mimic z:Ref="i935"/><NameAttribute z:Ref="i908"/><Origin z:Ref="i910"/><Parent z:Ref="i913"/><Safety z:Ref="i930"/><TypeAttribute z:Ref="i909"/></URDFElement></ChildElements><ElementName>link</ElementName><required>true</required><Children/><Collision z:Ref="i900"/><Inertial z:Ref="i874"/><Joint z:Ref="i907"/><NameAttribute z:Ref="i873"/><Parent z:Ref="i1"/><STLQualityFine>false</STLQualityFine><SWComponentPIDs xmlns:a="http://schemas.microsoft.com/2003/10/Serialization/Arrays"><a:base64Binary>aEIAAAUAAAD//v8ldGVmj0ZotmdeAEEAQQBBADtgxYgtADEAQABBAEEAQQA7YMWILwBNUqdPD1xuj1BbLQAxAEAAdGVmj0ZotmdeAEEAQQBBADtgxYgEAAAAEAAAAAEAAAACAAAA+w8AACsNAAA=</a:base64Binary></SWComponentPIDs><SWMainComponentPID i:nil="true"/><Visual z:Ref="i887"/><isFixedFrame>false</isFixedFrame><isIncomplete>false</isIncomplete></Link><Link z:Id="i939"><Attributes><Attribute z:Id="i940"><AttributeType>name</AttributeType><IsRequired>true</IsRequired><Value i:type="a:string" xmlns:a="http://www.w3.org/2001/XMLSchema">most_R_F_wheel_Link</Value></Attribute></Attributes><ChildElements><URDFElement z:Id="i941" i:type="Inertial"><Attributes/><ChildElements><URDFElement z:Id="i942" i:type="Origin"><Attributes><Attribute z:Id="i943"><AttributeType>xyz</AttributeType><IsRequired>true</IsRequired><Value i:type="a:ArrayOfdouble" xmlns:a="http://schemas.microsoft.com/2003/10/Serialization/Arrays"><a:double>0</a:double><a:double>0</a:double><a:double>0</a:double></Value></Attribute><Attribute z:Id="i944"><AttributeType>rpy</AttributeType><IsRequired>true</IsRequired><Value i:type="a:ArrayOfdouble" xmlns:a="http://schemas.microsoft.com/2003/10/Serialization/Arrays"><a:double>0</a:double><a:double>0</a:double><a:double>0</a:double></Value></Attribute></Attributes><ChildElements/><ElementName>origin</ElementName><required>false</required><RPYAttribute z:Ref="i944"/><XYZAttribute z:Ref="i943"/><isCustomized>false</isCustomized></URDFElement><URDFElement z:Id="i945" i:type="Mass"><Attributes><Attribute z:Id="i946"><AttributeType>value</AttributeType><IsRequired>true</IsRequired><Value i:type="a:double" xmlns:a="http://www.w3.org/2001/XMLSchema">0</Value></Attribute></Attributes><ChildElements/><ElementName>mass</ElementName><required>false</required><ValueAttribute z:Ref="i946"/></URDFElement><URDFElement z:Id="i947" i:type="Inertia"><Attributes><Attribute z:Id="i948"><AttributeType>ixx</AttributeType><IsRequired>true</IsRequired><Value i:type="a:double" xmlns:a="http://www.w3.org/2001/XMLSchema">0</Value></Attribute><Attribute z:Id="i949"><AttributeType>ixy</AttributeType><IsRequired>true</IsRequired><Value i:type="a:double" xmlns:a="http://www.w3.org/2001/XMLSchema">0</Value></Attribute><Attribute z:Id="i950"><AttributeType>ixz</AttributeType><IsRequired>true</IsRequired><Value i:type="a:double" xmlns:a="http://www.w3.org/2001/XMLSchema">0</Value></Attribute><Attribute z:Id="i951"><AttributeType>iyy</AttributeType><IsRequired>true</IsRequired><Value i:type="a:double" xmlns:a="http://www.w3.org/2001/XMLSchema">0</Value></Attribute><Attribute z:Id="i952"><AttributeType>iyz</AttributeType><IsRequired>true</IsRequired><Value i:type="a:double" xmlns:a="http://www.w3.org/2001/XMLSchema">0</Value></Attribute><Attribute z:Id="i953"><AttributeType>izz</AttributeType><IsRequired>true</IsRequired><Value i:type="a:double" xmlns:a="http://www.w3.org/2001/XMLSchema">0</Value></Attribute></Attributes><ChildElements/><ElementName>inertia</ElementName><required>false</required><IxxAttribute z:Ref="i948"/><IxyAttribute z:Ref="i949"/><IxzAttribute z:Ref="i950"/><IyyAttribute z:Ref="i951"/><IyzAttribute z:Ref="i952"/><IzzAttribute z:Ref="i953"/></URDFElement></ChildElements><ElementName>inertial</ElementName><required>false</required><Inertia z:Ref="i947"/><Mass z:Ref="i945"/><Origin z:Ref="i942"/></URDFElement><URDFElement z:Id="i954" i:type="Visual"><Attributes/><ChildElements><URDFElement z:Id="i955" i:type="Origin"><Attributes><Attribute z:Id="i956"><AttributeType>xyz</AttributeType><IsRequired>true</IsRequired><Value i:type="a:ArrayOfdouble" xmlns:a="http://schemas.microsoft.com/2003/10/Serialization/Arrays"><a:double>0</a:double><a:double>0</a:double><a:double>0</a:double></Value></Attribute><Attribute z:Id="i957"><AttributeType>rpy</AttributeType><IsRequired>true</IsRequired><Value i:type="a:ArrayOfdouble" xmlns:a="http://schemas.microsoft.com/2003/10/Serialization/Arrays"><a:double>0</a:double><a:double>0</a:double><a:double>0</a:double></Value></Attribute></Attributes><ChildElements/><ElementName>origin</ElementName><required>false</required><RPYAttribute z:Ref="i957"/><XYZAttribute z:Ref="i956"/><isCustomized>false</isCustomized></URDFElement><URDFElement z:Id="i958" i:type="Geometry"><Attributes/><ChildElements><URDFElement z:Id="i959" i:type="Mesh"><Attributes><Attribute z:Id="i960"><AttributeType>filename</AttributeType><IsRequired>true</IsRequired><Value i:nil="true"/></Attribute></Attributes><ChildElements/><ElementName>mesh</ElementName><required>false</required><FilenameAttribute z:Ref="i960"/></URDFElement></ChildElements><ElementName>geometry</ElementName><required>true</required><Mesh z:Ref="i959"/></URDFElement><URDFElement z:Id="i961" i:type="Material"><Attributes><Attribute z:Id="i962"><AttributeType>name</AttributeType><IsRequired>true</IsRequired><Value i:type="a:string" xmlns:a="http://www.w3.org/2001/XMLSchema"/></Attribute></Attributes><ChildElements><URDFElement z:Id="i963" i:type="Color"><Attributes><Attribute z:Id="i964"><AttributeType>rgba</AttributeType><IsRequired>true</IsRequired><Value i:type="a:ArrayOfdouble" xmlns:a="http://schemas.microsoft.com/2003/10/Serialization/Arrays"><a:double>1</a:double><a:double>1</a:double><a:double>1</a:double><a:double>1</a:double></Value></Attribute></Attributes><ChildElements/><ElementName>color</ElementName><required>false</required><RGBAAttribute z:Ref="i964"/></URDFElement><URDFElement z:Id="i965" i:type="Texture"><Attributes><Attribute z:Id="i966"><AttributeType>filename</AttributeType><IsRequired>true</IsRequired><Value i:nil="true"/></Attribute></Attributes><ChildElements/><ElementName>texture</ElementName><required>false</required><FilenameAttribute z:Ref="i966"/><wFilename/></URDFElement></ChildElements><ElementName>material</ElementName><required>false</required><Color z:Ref="i963"/><NameAttribute z:Ref="i962"/><Texture z:Ref="i965"/></URDFElement></ChildElements><ElementName>visual</ElementName><required>false</required><Geometry z:Ref="i958"/><Material z:Ref="i961"/><Origin z:Ref="i955"/></URDFElement><URDFElement z:Id="i967" i:type="Collision"><Attributes/><ChildElements><URDFElement z:Id="i968" i:type="Origin"><Attributes><Attribute z:Id="i969"><AttributeType>xyz</AttributeType><IsRequired>true</IsRequired><Value i:type="a:ArrayOfdouble" xmlns:a="http://schemas.microsoft.com/2003/10/Serialization/Arrays"><a:double>0</a:double><a:double>0</a:double><a:double>0</a:double></Value></Attribute><Attribute z:Id="i970"><AttributeType>rpy</AttributeType><IsRequired>true</IsRequired><Value i:type="a:ArrayOfdouble" xmlns:a="http://schemas.microsoft.com/2003/10/Serialization/Arrays"><a:double>0</a:double><a:double>0</a:double><a:double>0</a:double></Value></Attribute></Attributes><ChildElements/><ElementName>origin</ElementName><required>false</required><RPYAttribute z:Ref="i970"/><XYZAttribute z:Ref="i969"/><isCustomized>false</isCustomized></URDFElement><URDFElement z:Id="i971" i:type="Geometry"><Attributes/><ChildElements><URDFElement z:Id="i972" i:type="Mesh"><Attributes><Attribute z:Id="i973"><AttributeType>filename</AttributeType><IsRequired>true</IsRequired><Value i:nil="true"/></Attribute></Attributes><ChildElements/><ElementName>mesh</ElementName><required>false</required><FilenameAttribute z:Ref="i973"/></URDFElement></ChildElements><ElementName>geometry</ElementName><required>true</required><Mesh z:Ref="i972"/></URDFElement></ChildElements><ElementName>collision</ElementName><required>false</required><Geometry z:Ref="i971"/><Origin z:Ref="i968"/></URDFElement><URDFElement z:Id="i974" i:type="Joint"><Attributes><Attribute z:Id="i975"><AttributeType>name</AttributeType><IsRequired>true</IsRequired><Value i:type="a:string" xmlns:a="http://www.w3.org/2001/XMLSchema">most_R_F_wheel</Value></Attribute><Attribute z:Id="i976"><AttributeType>type</AttributeType><IsRequired>true</IsRequired><Value i:type="a:string" xmlns:a="http://www.w3.org/2001/XMLSchema">continuous</Value></Attribute></Attributes><ChildElements><URDFElement z:Id="i977" i:type="Origin"><Attributes><Attribute z:Id="i978"><AttributeType>xyz</AttributeType><IsRequired>true</IsRequired><Value i:type="a:ArrayOfdouble" xmlns:a="http://schemas.microsoft.com/2003/10/Serialization/Arrays"><a:double>0</a:double><a:double>0</a:double><a:double>0</a:double></Value></Attribute><Attribute z:Id="i979"><AttributeType>rpy</AttributeType><IsRequired>true</IsRequired><Value i:type="a:ArrayOfdouble" xmlns:a="http://schemas.microsoft.com/2003/10/Serialization/Arrays"><a:double>0</a:double><a:double>0</a:double><a:double>0</a:double></Value></Attribute></Attributes><ChildElements/><ElementName>origin</ElementName><required>false</required><RPYAttribute z:Ref="i979"/><XYZAttribute z:Ref="i978"/><isCustomized>false</isCustomized></URDFElement><URDFElement z:Id="i980" i:type="ParentLink"><Attributes><Attribute z:Id="i981"><AttributeType>link</AttributeType><IsRequired>true</IsRequired><Value i:type="a:string" xmlns:a="http://www.w3.org/2001/XMLSchema"/></Attribute></Attributes><ChildElements/><ElementName>parent</ElementName><required>true</required><NameAttribute z:Ref="i981"/></URDFElement><URDFElement z:Id="i982" i:type="ChildLink"><Attributes><Attribute z:Id="i983"><AttributeType>link</AttributeType><IsRequired>true</IsRequired><Value i:type="a:string" xmlns:a="http://www.w3.org/2001/XMLSchema"/></Attribute></Attributes><ChildElements/><ElementName>child</ElementName><required>true</required><NameAttribute z:Ref="i983"/></URDFElement><URDFElement z:Id="i984" i:type="Axis"><Attributes><Attribute z:Id="i985"><AttributeType>xyz</AttributeType><IsRequired>true</IsRequired><Value i:type="a:ArrayOfdouble" xmlns:a="http://schemas.microsoft.com/2003/10/Serialization/Arrays"><a:double>0</a:double><a:double>0</a:double><a:double>0</a:double></Value></Attribute></Attributes><ChildElements/><ElementName>axis</ElementName><required>false</required><XYZAttribute z:Ref="i985"/></URDFElement><URDFElement z:Id="i986" i:type="Limit"><Attributes><Attribute z:Id="i987"><AttributeType>lower</AttributeType><IsRequired>false</IsRequired><Value i:nil="true"/></Attribute><Attribute z:Id="i988"><AttributeType>upper</AttributeType><IsRequired>false</IsRequired><Value i:nil="true"/></Attribute><Attribute z:Id="i989"><AttributeType>effort</AttributeType><IsRequired>true</IsRequired><Value i:nil="true"/></Attribute><Attribute z:Id="i990"><AttributeType>velocity</AttributeType><IsRequired>true</IsRequired><Value i:nil="true"/></Attribute></Attributes><ChildElements/><ElementName>limit</ElementName><required>false</required><EffortAttribute z:Ref="i989"/><LowerAttribute z:Ref="i987"/><UpperAttribute z:Ref="i988"/><VelocityAttribute z:Ref="i990"/></URDFElement><URDFElement z:Id="i991" i:type="Calibration"><Attributes><Attribute z:Id="i992"><AttributeType>rising</AttributeType><IsRequired>false</IsRequired><Value i:nil="true"/></Attribute><Attribute z:Id="i993"><AttributeType>falling</AttributeType><IsRequired>false</IsRequired><Value i:nil="true"/></Attribute></Attributes><ChildElements/><ElementName>calibration</ElementName><required>false</required><FallingAttribute z:Ref="i993"/><RisingAttribute z:Ref="i992"/></URDFElement><URDFElement z:Id="i994" i:type="Dynamics"><Attributes><Attribute z:Id="i995"><AttributeType>damping</AttributeType><IsRequired>false</IsRequired><Value i:nil="true"/></Attribute><Attribute z:Id="i996"><AttributeType>friction</AttributeType><IsRequired>false</IsRequired><Value i:nil="true"/></Attribute></Attributes><ChildElements/><ElementName>dynamics</ElementName><required>false</required><DampingAttribute z:Ref="i995"/><FrictionAttribute z:Ref="i996"/></URDFElement><URDFElement z:Id="i997" i:type="SafetyController"><Attributes><Attribute z:Id="i998"><AttributeType>soft_upper_limit</AttributeType><IsRequired>false</IsRequired><Value i:nil="true"/></Attribute><Attribute z:Id="i999"><AttributeType>soft_lower_limit</AttributeType><IsRequired>false</IsRequired><Value i:nil="true"/></Attribute><Attribute z:Id="i1000"><AttributeType>k_position</AttributeType><IsRequired>false</IsRequired><Value i:nil="true"/></Attribute><Attribute z:Id="i1001"><AttributeType>k_velocity</AttributeType><IsRequired>true</IsRequired><Value i:nil="true"/></Attribute></Attributes><ChildElements/><ElementName>safety_controller</ElementName><required>false</required><KPositionAttribute z:Ref="i1000"/><KVelocityAttribute z:Ref="i1001"/><SoftLowerAttribute z:Ref="i999"/><SoftUpperAttribute z:Ref="i998"/></URDFElement><URDFElement z:Id="i1002" i:type="Mimic"><Attributes><Attribute z:Id="i1003"><AttributeType>joint</AttributeType><IsRequired>true</IsRequired><Value i:nil="true"/></Attribute><Attribute z:Id="i1004"><AttributeType>multiplier</AttributeType><IsRequired>false</IsRequired><Value i:nil="true"/></Attribute><Attribute z:Id="i1005"><AttributeType>offset</AttributeType><IsRequired>false</IsRequired><Value i:nil="true"/></Attribute></Attributes><ChildElements/><ElementName>mimic</ElementName><required>false</required><JointNameAttribute z:Ref="i1003"/><MultiplierAttribute z:Ref="i1004"/><OffsetAttribute z:Ref="i1005"/></URDFElement></ChildElements><ElementName>joint</ElementName><required>false</required><Axis z:Ref="i984"/><AxisName>?????????14</AxisName><Calibration z:Ref="i991"/><Child z:Ref="i982"/><CoordinateSystemName>?????????20</CoordinateSystemName><Dynamics z:Ref="i994"/><Limit z:Ref="i986"/><Mimic z:Ref="i1002"/><NameAttribute z:Ref="i975"/><Origin z:Ref="i977"/><Parent z:Ref="i980"/><Safety z:Ref="i997"/><TypeAttribute z:Ref="i976"/></URDFElement></ChildElements><ElementName>link</ElementName><required>true</required><Children/><Collision z:Ref="i967"/><Inertial z:Ref="i941"/><Joint z:Ref="i974"/><NameAttribute z:Ref="i940"/><Parent z:Ref="i1"/><STLQualityFine>false</STLQualityFine><SWComponentPIDs xmlns:a="http://schemas.microsoft.com/2003/10/Serialization/Arrays"><a:base64Binary>aEIAAAUAAAD//v8ldGVmj0ZotmdeAEEAQQBBADtgxYgtADEAQABBAEEAQQA7YMWILwBNUqdPD1xuj1BbLQAzAEAAdGVmj0ZotmdeAEEAQQBBADtgxYgEAAAAEAAAAAEAAAACAAAA+w8AALkNAAA=</a:base64Binary></SWComponentPIDs><SWMainComponentPID i:nil="true"/><Visual z:Ref="i954"/><isFixedFrame>false</isFixedFrame><isIncomplete>false</isIncomplete></Link></Children><Collision z:Ref="i29"/><Inertial z:Ref="i3"/><Joint z:Ref="i36"/><NameAttribute z:Ref="i2"/><Parent i:nil="true"/><STLQualityFine>false</STLQualityFine><SWComponentPIDs xmlns:a="http://schemas.microsoft.com/2003/10/Serialization/Arrays"><a:base64Binary>aEIAAAUAAAD//v8XMwA1ADAAOADPUR+QOmfFiE2RU09lAHIAZQBhAGwALQAxAEAAQQBBAEEAO2DFiAQAAAAQAAAAAQAAAAEAAAApFQAA</a:base64Binary><a:base64Binary>aEIAAAUAAAD//v8XMwA1ADAAOADPUR+QOmfFiE2RU09lAHIAZQBhAGwALQAzAEAAQQBBAEEAO2DFiAQAAAAQAAAAAQAAAAEAAAAtFQAA</a:base64Binary><a:base64Binary>aEIAAAUAAAD//v8XMwA1ADAAOADPUR+QOmfFiE2RU09lAHIAZQBhAGwALQA0AEAAQQBBAEEAO2DFiAQAAAAQAAAAAQAAAAEAAAA4FQAA</a:base64Binary><a:base64Binary>aEIAAAUAAAD//v8XMwA1ADAAOADPUR+QOmfFiE2RU09lAHIAZQBhAGwALQA1AEAAQQBBAEEAO2DFiAQAAAAQAAAAAQAAAAEAAAA7FQAA</a:base64Binary><a:base64Binary>aEIAAAUAAAD//v8SrGJHU3GaqFJeAEEAQQBBADtgxYgtADEAQABBAEEAQQA7YMWIBAAAABAAAAABAAAAAQAAAOsPAAA=</a:base64Binary><a:base64Binary>aEIAAAUAAAD//v8kdGVmj0ZotmdeAEEAQQBBADtgxYgtADEAQABBAEEAQQA7YMWILwCVXth2n1O5cC0AMQBAAHRlZo9GaLZnXgBBAEEAQQA7YMWIBAAAABAAAAABAAAAAgAAAPsPAACwAAAA</a:base64Binary><a:base64Binary>aEIAAAUAAAD//v8ldGVmj0ZotmdeAEEAQQBBADtgxYgtADEAQABBAEEAQQA7YMWILwCzeKR+9H6VXn9nLQAxAEAAdGVmj0ZotmdeAEEAQQBBADtgxYgEAAAAEAAAAAEAAAACAAAA+w8AABoAAAA=</a:base64Binary><a:base64Binary>aEIAAAUAAAD//v8tdGVmj0ZotmdeAEEAQQBBADtgxYgtADEAQABBAEEAQQA7YMWILwAxADUA1wAxADUA3ZShe3+VNgAwADAAbQBtAC0AMQBAAHRlZo9GaLZnXgBBAEEAQQA7YMWIBAAAABAAAAABAAAAAgAAAPsPAAAdAAAA</a:base64Binary><a:base64Binary>aEIAAAUAAAD//v8mdGVmj0ZotmdeAEEAQQBBADtgxYgtADEAQABBAEEAQQA7YMWILwCVXth2Rmi2ZwZX0oktADEAQAB0ZWaPRmi2Z14AQQBBAEEAO2DFiAQAAAAQAAAAAQAAAAIAAAD7DwAAHAAAAA==</a:base64Binary><a:base64Binary>aEIAAAUAAAD//v8ndGVmj0ZotmdeAEEAQQBBADtgxYgtADEAQABBAEEAQQA7YMWILwA1gm6PFln0Vg9c3ZShey0AMQBAAHRlZo9GaLZnXgBBAEEAQQA7YMWIBAAAABAAAAABAAAAAgAAAPsPAAAfAAAA</a:base64Binary><a:base64Binary>aEIAAAUAAAD//v8ndGVmj0ZotmdeAEEAQQBBADtgxYgtADEAQABBAEEAQQA7YMWILwA1gm6PFln0Vg9c3ZShey0AMgBAAHRlZo9GaLZnXgBBAEEAQQA7YMWIBAAAABAAAAABAAAAAgAAAPsPAAAgAAAA</a:base64Binary><a:base64Binary>aEIAAAUAAAD//v8mdGVmj0ZotmdeAEEAQQBBADtgxYgtADEAQABBAEEAQQA7YMWILwCVXth2Rmi2ZwZX0oktADIAQAB0ZWaPRmi2Z14AQQBBAEEAO2DFiAQAAAAQAAAAAQAAAAIAAAD7DwAAIQAAAA==</a:base64Binary><a:base64Binary>aEIAAAUAAAD//v8pdGVmj0ZotmdeAEEAQQBBADtgxYgtADEAQABBAEEAQQA7YMWILwCVXth2L2W2ZygALU70lSpqtmctADEAQAB0ZWaPRmi2Z14AQQBBAEEAO2DFiAQAAAAQAAAAAQAAAAIAAAD7DwAAIwAAAA==</a:base64Binary><a:base64Binary>aEIAAAUAAAD//v8pdGVmj0ZotmdeAEEAQQBBADtgxYgtADEAQABBAEEAQQA7YMWILwCVXth2L2W2ZygALU70lSpqtmctADIAQAB0ZWaPRmi2Z14AQQBBAEEAO2DFiAQAAAAQAAAAAQAAAAIAAAD7DwAAKAAAAA==</a:base64Binary><a:base64Binary>aEIAAAUAAAD//v8tdGVmj0ZotmdeAEEAQQBBADtgxYgtADEAQABBAEEAQQA7YMWILwAxADUA1wAxADUA3ZShe3+VNgAwADAAbQBtAC0AMgBAAHRlZo9GaLZnXgBBAEEAQQA7YMWIBAAAABAAAAABAAAAAgAAAPsPAAApAAAA</a:base64Binary><a:base64Binary>aEIAAAUAAAD//v8ndGVmj0ZotmdeAEEAQQBBADtgxYgtADEAQABBAEEAQQA7YMWILwA1gm6PFln0Vg9c3ZShey0AMwBAAHRlZo9GaLZnXgBBAEEAQQA7YMWIBAAAABAAAAABAAAAAgAAAPsPAAAuAAAA</a:base64Binary><a:base64Binary>aEIAAAUAAAD//v8mdGVmj0ZotmdeAEEAQQBBADtgxYgtADEAQABBAEEAQQA7YMWILwCVXth2Rmi2ZwZX0oktADMAQAB0ZWaPRmi2Z14AQQBBAEEAO2DFiAQAAAAQAAAAAQAAAAIAAAD7DwAAMwAAAA==</a:base64Binary><a:base64Binary>aEIAAAUAAAD//v8mdGVmj0ZotmdeAEEAQQBBADtgxYgtADEAQABBAEEAQQA7YMWILwCVXth2Rmi2ZwZX0oktADQAQAB0ZWaPRmi2Z14AQQBBAEEAO2DFiAQAAAAQAAAAAQAAAAIAAAD7DwAANQAAAA==</a:base64Binary><a:base64Binary>aEIAAAUAAAD//v8tdGVmj0ZotmdeAEEAQQBBADtgxYgtADEAQABBAEEAQQA7YMWILwAxADUA1wAxADUA3ZShe3+VMQA2ADAAbQBtAC0AMgBAAHRlZo9GaLZnXgBBAEEAQQA7YMWIBAAAABAAAAABAAAAAgAAAPsPAAA3AAAA</a:base64Binary><a:base64Binary>aEIAAAUAAAD//v8ndGVmj0ZotmdeAEEAQQBBADtgxYgtADEAQABBAEEAQQA7YMWILwA6Z7BowoG2Z9ia3ZShey0AMQBAAHRlZo9GaLZnXgBBAEEAQQA7YMWIBAAAABAAAAABAAAAAgAAAPsPAAA4AAAA</a:base64Binary><a:base64Binary>aEIAAAUAAAD//v8ndGVmj0ZotmdeAEEAQQBBADtgxYgtADEAQABBAEEAQQA7YMWILwA6Z7BowoG2Z9ia3ZShey0AMgBAAHRlZo9GaLZnXgBBAEEAQQA7YMWIBAAAABAAAAABAAAAAgAAAPsPAAA5AAAA</a:base64Binary><a:base64Binary>aEIAAAUAAAD//v8pdGVmj0ZotmdeAEEAQQBBADtgxYgtADEAQABBAEEAQQA7YMWILwA6Z7BowoG2Z9ia3ZSheygADlQtADEAQAB0ZWaPRmi2Z14AQQBBAEEAO2DFiAQAAAAQAAAAAQAAAAIAAAD7DwAAOwAAAA==</a:base64Binary><a:base64Binary>aEIAAAUAAAD//v8tdGVmj0ZotmdeAEEAQQBBADtgxYgtADEAQABBAEEAQQA7YMWILwAxADUA1wAxADUA3ZShe3+VMQA1ADAAbQBtAC0AMQBAAHRlZo9GaLZnXgBBAEEAQQA7YMWIBAAAABAAAAABAAAAAgAAAPsPAAA9AAAA</a:base64Binary><a:base64Binary>aEIAAAUAAAD//v8ndGVmj0ZotmdeAEEAQQBBADtgxYgtADEAQABBAEEAQQA7YMWILwA1gm6PFln0Vg9c3ZShey0ANABAAHRlZo9GaLZnXgBBAEEAQQA7YMWIBAAAABAAAAABAAAAAgAAAPsPAAA/AAAA</a:base64Binary><a:base64Binary>aEIAAAUAAAD//v8mdGVmj0ZotmdeAEEAQQBBADtgxYgtADEAQABBAEEAQQA7YMWILwCsYkdTtmfYmt2UoXstADkAQAB0ZWaPRmi2Z14AQQBBAEEAO2DFiAQAAAAQAAAAAQAAAAIAAAD7DwAAFwEAAA==</a:base64Binary><a:base64Binary>aEIAAAUAAAD//v8ndGVmj0ZotmdeAEEAQQBBADtgxYgtADEAQABBAEEAQQA7YMWILwCsYkdTtmfYmt2UoXstADEAMwBAAHRlZo9GaLZnXgBBAEEAQQA7YMWIBAAAABAAAAABAAAAAgAAAPsPAAC1AQAA</a:base64Binary><a:base64Binary>aEIAAAUAAAD//v8ndGVmj0ZotmdeAEEAQQBBADtgxYgtADEAQABBAEEAQQA7YMWILwCsYkdTtmfYmt2UoXstADEANABAAHRlZo9GaLZnXgBBAEEAQQA7YMWIBAAAABAAAAABAAAAAgAAAPsPAADrAQAA</a:base64Binary><a:base64Binary>aEIAAAUAAAD//v8ndGVmj0ZotmdeAEEAQQBBADtgxYgtADEAQABBAEEAQQA7YMWILwCsYkdTtmfYmt2UoXstADEANQBAAHRlZo9GaLZnXgBBAEEAQQA7YMWIBAAAABAAAAABAAAAAgAAAPsPAAAHAgAA</a:base64Binary><a:base64Binary>aEIAAAUAAAD//v8ndGVmj0ZotmdeAEEAQQBBADtgxYgtADEAQABBAEEAQQA7YMWILwCsYkdTtmfYmipq3ZShey0AMwBAAHRlZo9GaLZnXgBBAEEAQQA7YMWIBAAAABAAAAABAAAAAgAAAPsPAACQAgAA</a:base64Binary><a:base64Binary>aEIAAAUAAAD//v8ndGVmj0ZotmdeAEEAQQBBADtgxYgtADEAQABBAEEAQQA7YMWILwCsYkdTtmfYmipq3ZShey0ANABAAHRlZo9GaLZnXgBBAEEAQQA7YMWIBAAAABAAAAABAAAAAgAAAPsPAACRAgAA</a:base64Binary><a:base64Binary>aEIAAAUAAAD//v8odGVmj0ZotmdeAEEAQQBBADtgxYgtADEAQABBAEEAQQA7YMWILwCsYkdTtmfYmipq3ZShezIALQAzAEAAdGVmj0ZotmdeAEEAQQBBADtgxYgEAAAAEAAAAAEAAAACAAAA+w8AAJICAAA=</a:base64Binary><a:base64Binary>aEIAAAUAAAD//v8odGVmj0ZotmdeAEEAQQBBADtgxYgtADEAQABBAEEAQQA7YMWILwCsYkdTtmfYmipq3ZShezIALQA0AEAAdGVmj0ZotmdeAEEAQQBBADtgxYgEAAAAEAAAAAEAAAACAAAA+w8AAJMCAAA=</a:base64Binary><a:base64Binary>aEIAAAUAAAD//v8pdGVmj0ZotmdeAEEAQQBBADtgxYgtADEAQABBAEEAQQA7YMWILwA6Z7BowoG2Z9ia3ZSheygADlQtADIAQAB0ZWaPRmi2Z14AQQBBAEEAO2DFiAQAAAAQAAAAAQAAAAIAAAD7DwAAxgIAAA==</a:base64Binary><a:base64Binary>aEIAAAUAAAD//v8pdGVmj0ZotmdeAEEAQQBBADtgxYgtADEAQABBAEEAQQA7YMWILwAtTkJcL2W2ZygALU70lSpqtmctADMAQAB0ZWaPRmi2Z14AQQBBAEEAO2DFiAQAAAAQAAAAAQAAAAIAAAD7DwAAdQMAAA==</a:base64Binary><a:base64Binary>aEIAAAUAAAD//v8ndGVmj0ZotmdeAEEAQQBBADtgxYgtADEAQABBAEEAQQA7YMWILwCVXth2LU70lSpq3ZShey0AMQBAAHRlZo9GaLZnXgBBAEEAQQA7YMWIBAAAABAAAAABAAAAAgAAAPsPAAB7AwAA</a:base64Binary><a:base64Binary>aEIAAAUAAAD//v8pdGVmj0ZotmdeAEEAQQBBADtgxYgtADEAQABBAEEAQQA7YMWILwAtTkJcL2W2ZygALU70lSpqtmctADQAQAB0ZWaPRmi2Z14AQQBBAEEAO2DFiAQAAAAQAAAAAQAAAAIAAAD7DwAAAQQAAA==</a:base64Binary><a:base64Binary>aEIAAAUAAAD//v8mdGVmj0ZotmdeAEEAQQBBADtgxYgtADEAQABBAEEAQQA7YMWILwCRZEZn+laaW39nTVItADEAQAB0ZWaPRmi2Z14AQQBBAEEAO2DFiAQAAAAQAAAAAQAAAAIAAAD7DwAAWgQAAA==</a:base64Binary><a:base64Binary>aEIAAAUAAAD//v8odGVmj0ZotmdeAEEAQQBBADtgxYgtADEAQABBAEEAQQA7YMWILwA1gm6PFln0Vg9c3ZShezMALQAxAEAAdGVmj0ZotmdeAEEAQQBBADtgxYgEAAAAEAAAAAEAAAACAAAA+w8AAK0EAAA=</a:base64Binary><a:base64Binary>aEIAAAUAAAD//v8vdGVmj0ZotmdeAEEAQQBBADtgxYgtADEAQABBAEEAQQA7YMWILwA6Z7BowoG2Z14AdGVmj0ZotmdfAEEAQQBBADtgxYgtADEAQAB0ZWaPRmi2Z14AQQBBAEEAO2DFiAQAAAAQAAAAAQAAAAIAAAD7DwAAwgwAAA==</a:base64Binary><a:base64Binary>aEIAAAUAAAD//v8qdGVmj0ZotmdeAEEAQQBBADtgxYgtADEAQABBAEEAQQA7YMWILwBNUhZZ9FYxADUA1wAxADUA3ZShey0AMQBAAHRlZo9GaLZnXgBBAEEAQQA7YMWIBAAAABAAAAABAAAAAgAAAPsPAABNCAAA</a:base64Binary><a:base64Binary>aEIAAAUAAAD//v8qdGVmj0ZotmdeAEEAQQBBADtgxYgtADEAQABBAEEAQQA7YMWILwAOVBZZ9FYxADUA1wAxADUA3ZShey0AMQBAAHRlZo9GaLZnXgBBAEEAQQA7YMWIBAAAABAAAAABAAAAAgAAAPsPAABYCAAA</a:base64Binary><a:base64Binary>aEIAAAUAAAD//v8odGVmj0ZotmdeAEEAQQBBADtgxYgtADEAQABBAEEAQQA7YMWILwA1gm6PFln0Vg9c3ZShezIALQA4AEAAdGVmj0ZotmdeAEEAQQBBADtgxYgEAAAAEAAAAAEAAAACAAAA+w8AAHkIAAA=</a:base64Binary><a:base64Binary>aEIAAAUAAAD//v8odGVmj0ZotmdeAEEAQQBBADtgxYgtADEAQABBAEEAQQA7YMWILwA1gm6PFln0Vg9c3ZShezMALQAyAEAAdGVmj0ZotmdeAEEAQQBBADtgxYgEAAAAEAAAAAEAAAACAAAA+w8AAH8IAAA=</a:base64Binary><a:base64Binary>aEIAAAUAAAD//v8odGVmj0ZotmdeAEEAQQBBADtgxYgtADEAQABBAEEAQQA7YMWILwA1gm6PFln0Vg9c3ZShezIALQA5AEAAdGVmj0ZotmdeAEEAQQBBADtgxYgEAAAAEAAAAAEAAAACAAAA+w8AAIUIAAA=</a:base64Binary><a:base64Binary>aEIAAAUAAAD//v8pdGVmj0ZotmdeAEEAQQBBADtgxYgtADEAQABBAEEAQQA7YMWILwA1gm6PFln0Vg9c3ZShezIALQAxADAAQAB0ZWaPRmi2Z14AQQBBAEEAO2DFiAQAAAAQAAAAAQAAAAIAAAD7DwAAmQgAAA==</a:base64Binary><a:base64Binary>aEIAAAUAAAD//v8odGVmj0ZotmdeAEEAQQBBADtgxYgtADEAQABBAEEAQQA7YMWILwA1gm6PFln0Vg9c3ZShezMALQAzAEAAdGVmj0ZotmdeAEEAQQBBADtgxYgEAAAAEAAAAAEAAAACAAAA+w8AAJ4IAAA=</a:base64Binary><a:base64Binary>aEIAAAUAAAD//v8pdGVmj0ZotmdeAEEAQQBBADtgxYgtADEAQABBAEEAQQA7YMWILwA1gm6PFln0Vg9c3ZShezIALQAxADEAQAB0ZWaPRmi2Z14AQQBBAEEAO2DFiAQAAAAQAAAAAQAAAAIAAAD7DwAAtggAAA==</a:base64Binary><a:base64Binary>aEIAAAUAAAD//v8odGVmj0ZotmdeAEEAQQBBADtgxYgtADEAQABBAEEAQQA7YMWILwA1gm6PFln0Vg9c3ZShezMALQA0AEAAdGVmj0ZotmdeAEEAQQBBADtgxYgEAAAAEAAAAAEAAAACAAAA+w8AALwIAAA=</a:base64Binary><a:base64Binary>aEIAAAUAAAD//v8mdGVmj0ZotmdeAEEAQQBBADtgxYgtADEAQABBAEEAQQA7YMWILwCRZEZn+laaW39nDlQtADEAQAB0ZWaPRmi2Z14AQQBBAEEAO2DFiAQAAAAQAAAAAQAAAAIAAAD7DwAA3QgAAA==</a:base64Binary><a:base64Binary>aEIAAAUAAAD//v8mdGVmj0ZotmdeAEEAQQBBADtgxYgtADEAQABBAEEAQQA7YMWILwCRZEZn+laaW39nDlQtADIAQAB0ZWaPRmi2Z14AQQBBAEEAO2DFiAQAAAAQAAAAAQAAAAIAAAD7DwAA9wgAAA==</a:base64Binary><a:base64Binary>aEIAAAUAAAD//v8odGVmj0ZotmdeAEEAQQBBADtgxYgtADEAQABBAEEAQQA7YMWILwCRZEZnhY+pUvpWmlt/Z01SLQAxAEAAdGVmj0ZotmdeAEEAQQBBADtgxYgEAAAAEAAAAAEAAAACAAAA+w8AAAsJAAA=</a:base64Binary><a:base64Binary>aEIAAAUAAAD//v8ndGVmj0ZotmdeAEEAQQBBADtgxYgtADEAQABBAEEAQQA7YMWILwCRZEZnhY+pUvpWmlt/Zy0AMgBAAHRlZo9GaLZnXgBBAEEAQQA7YMWIBAAAABAAAAABAAAAAgAAAPsPAAAPCQAA</a:base64Binary><a:base64Binary>aEIAAAUAAAD//v8kdGVmj0ZotmdeAEEAQQBBADtgxYgtADEAQABBAEEAQQA7YMWILwAtTkJc3ZShey0AMQBAAHRlZo9GaLZnXgBBAEEAQQA7YMWIBAAAABAAAAABAAAAAgAAAPsPAABhCQAA</a:base64Binary><a:base64Binary>aEIAAAUAAAD//v8mdGVmj0ZotmdeAEEAQQBBADtgxYgtADEAQABBAEEAQQA7YMWILwAtTkJctmfYmt2UoXstADEAQAB0ZWaPRmi2Z14AQQBBAEEAO2DFiAQAAAAQAAAAAQAAAAIAAAD7DwAAZwkAAA==</a:base64Binary><a:base64Binary>aEIAAAUAAAD//v8mdGVmj0ZotmdeAEEAQQBBADtgxYgtADEAQABBAEEAQQA7YMWILwAtTkJctmfYmt2UoXstADIAQAB0ZWaPRmi2Z14AQQBBAEEAO2DFiAQAAAAQAAAAAQAAAAIAAAD7DwAAnwkAAA==</a:base64Binary><a:base64Binary>aEIAAAUAAAD//v8ndGVmj0ZotmdeAEEAQQBBADtgxYgtADEAQABBAEEAQQA7YMWILwCRZEZnhY+pUvpWmlt/Zy0ANABAAHRlZo9GaLZnXgBBAEEAQQA7YMWIBAAAABAAAAABAAAAAgAAAPsPAADtCQAA</a:base64Binary><a:base64Binary>aEIAAAUAAAD//v8kdGVmj0ZotmdeAEEAQQBBADtgxYgtADEAQABBAEEAQQA7YMWILwAtTkJc3ZShey0AMgBAAHRlZo9GaLZnXgBBAEEAQQA7YMWIBAAAABAAAAABAAAAAgAAAPsPAAASCgAA</a:base64Binary><a:base64Binary>aEIAAAUAAAD//v8mdGVmj0ZotmdeAEEAQQBBADtgxYgtADEAQABBAEEAQQA7YMWILwAtTkJctmfYmt2UoXstADMAQAB0ZWaPRmi2Z14AQQBBAEEAO2DFiAQAAAAQAAAAAQAAAAIAAAD7DwAASQoAAA==</a:base64Binary><a:base64Binary>aEIAAAUAAAD//v8mdGVmj0ZotmdeAEEAQQBBADtgxYgtADEAQABBAEEAQQA7YMWILwAtTkJctmfYmt2UoXstADQAQAB0ZWaPRmi2Z14AQQBBAEEAO2DFiAQAAAAQAAAAAQAAAAIAAAD7DwAAbQoAAA==</a:base64Binary><a:base64Binary>aEIAAAUAAAD//v8ndGVmj0ZotmdeAEEAQQBBADtgxYgtADEAQABBAEEAQQA7YMWILwCVXth2Rmi2ZwZX0okyAC0AMQBAAHRlZo9GaLZnXgBBAEEAQQA7YMWIBAAAABAAAAABAAAAAgAAAPsPAACFCgAA</a:base64Binary><a:base64Binary>aEIAAAUAAAD//v8ndGVmj0ZotmdeAEEAQQBBADtgxYgtADEAQABBAEEAQQA7YMWILwCVXth2Rmi2ZwZX0okyAC0AMgBAAHRlZo9GaLZnXgBBAEEAQQA7YMWIBAAAABAAAAABAAAAAgAAAPsPAACTCgAA</a:base64Binary><a:base64Binary>aEIAAAUAAAD//v8ndGVmj0ZotmdeAEEAQQBBADtgxYgtADEAQABBAEEAQQA7YMWILwCVXth2Rmi2ZwZX0okyAC0AMwBAAHRlZo9GaLZnXgBBAEEAQQA7YMWIBAAAABAAAAABAAAAAgAAAPsPAACYCgAA</a:base64Binary><a:base64Binary>aEIAAAUAAAD//v8ndGVmj0ZotmdeAEEAQQBBADtgxYgtADEAQABBAEEAQQA7YMWILwCVXth2Rmi2ZwZX0okyAC0ANABAAHRlZo9GaLZnXgBBAEEAQQA7YMWIBAAAABAAAAABAAAAAgAAAPsPAAC0CgAA</a:base64Binary><a:base64Binary>aEIAAAUAAAD//v8ldGVmj0ZotmdeAEEAQQBBADtgxYgtADEAQABBAEEAQQA7YMWILwAWWfRWD1zdlKF7LQAxAEAAdGVmj0ZotmdeAEEAQQBBADtgxYgEAAAAEAAAAAEAAAACAAAA+w8AALsKAAA=</a:base64Binary><a:base64Binary>aEIAAAUAAAD//v8ldGVmj0ZotmdeAEEAQQBBADtgxYgtADEAQABBAEEAQQA7YMWILwAWWfRWD1zdlKF7LQAyAEAAdGVmj0ZotmdeAEEAQQBBADtgxYgEAAAAEAAAAAEAAAACAAAA+w8AAMQKAAA=</a:base64Binary><a:base64Binary>aEIAAAUAAAD//v8ldGVmj0ZotmdeAEEAQQBBADtgxYgtADEAQABBAEEAQQA7YMWILwAtTkJc3o+lY39nLQAxAEAAdGVmj0ZotmdeAEEAQQBBADtgxYgEAAAAEAAAAAEAAAACAAAA+w8AAB0LAAA=</a:base64Binary><a:base64Binary>aEIAAAUAAAD//v8ldGVmj0ZotmdeAEEAQQBBADtgxYgtADEAQABBAEEAQQA7YMWILwALTkJc3o+lY39nLQAxAEAAdGVmj0ZotmdeAEEAQQBBADtgxYgEAAAAEAAAAAEAAAACAAAA+w8AACALAAA=</a:base64Binary><a:base64Binary>aEIAAAUAAAD//v8ldGVmj0ZotmdeAEEAQQBBADtgxYgtADEAQABBAEEAQQA7YMWILwAtTkJc3o+lY39nLQAzAEAAdGVmj0ZotmdeAEEAQQBBADtgxYgEAAAAEAAAAAEAAAACAAAA+w8AAFgLAAA=</a:base64Binary><a:base64Binary>aEIAAAUAAAD//v8ldGVmj0ZotmdeAEEAQQBBADtgxYgtADEAQABBAEEAQQA7YMWILwAtTkJc3o+lY39nLQA0AEAAdGVmj0ZotmdeAEEAQQBBADtgxYgEAAAAEAAAAAEAAAACAAAA+w8AAKkLAAA=</a:base64Binary><a:base64Binary>aEIAAAUAAAD//v8ldGVmj0ZotmdeAEEAQQBBADtgxYgtADEAQABBAEEAQQA7YMWILwAtTkJc3o+lY39nLQA1AEAAdGVmj0ZotmdeAEEAQQBBADtgxYgEAAAAEAAAAAEAAAACAAAA+w8AAL8LAAA=</a:base64Binary><a:base64Binary>aEIAAAUAAAD//v8ndGVmj0ZotmdeAEEAQQBBADtgxYgtADEAQABBAEEAQQA7YMWILwA6Z7BowoGRTvBTq1fYmi0AMgBAAHRlZo9GaLZnXgBBAEEAQQA7YMWIBAAAABAAAAABAAAAAgAAAPsPAADIDAAA</a:base64Binary><a:base64Binary>aEIAAAUAAAD//v8rdGVmj0ZotmdeAEEAQQBBADtgxYgtADEAQABBAEEAQQA7YMWILwAxADUA1wAzADAAp0+5j96PpWPdlKF7LQAxAEAAdGVmj0ZotmdeAEEAQQBBADtgxYgEAAAAEAAAAAEAAAACAAAA+w8AAOAMAAA=</a:base64Binary><a:base64Binary>aEIAAAUAAAD//v8rdGVmj0ZotmdeAEEAQQBBADtgxYgtADEAQABBAEEAQQA7YMWILwAxADUA1wAzADAAp0+5j96PpWPdlKF7LQAyAEAAdGVmj0ZotmdeAEEAQQBBADtgxYgEAAAAEAAAAAEAAAACAAAA+w8AAOQMAAA=</a:base64Binary><a:base64Binary>aEIAAAUAAAD//v8ldGVmj0ZotmdeAEEAQQBBADtgxYgtADEAQABBAEEAQQA7YMWILwALTkJc3o+lY39nLQAzAEAAdGVmj0ZotmdeAEEAQQBBADtgxYgEAAAAEAAAAAEAAAACAAAA+w8AAAINAAA=</a:base64Binary><a:base64Binary>aEIAAAUAAAD//v8rdGVmj0ZotmdeAEEAQQBBADtgxYgtADEAQABBAEEAQQA7YMWILwAxADUA1wAzADAAp0+5j96PpWPdlKF7LQAzAEAAdGVmj0ZotmdeAEEAQQBBADtgxYgEAAAAEAAAAAEAAAACAAAA+w8AABsNAAA=</a:base64Binary><a:base64Binary>aEIAAAUAAAD//v8mdGVmj0ZotmdeAEEAQQBBADtgxYgtADEAQABBAEEAQQA7YMWILwBNUqdP+laaW7N4oXstADEAQAB0ZWaPRmi2Z14AQQBBAEEAO2DFiAQAAAAQAAAAAQAAAAIAAAD7DwAAMA0AAA==</a:base64Binary><a:base64Binary>aEIAAAUAAAD//v8ndGVmj0ZotmdeAEEAQQBBADtgxYgtADEAQABBAEEAQQA7YMWILwA4AG0AbQCzeKF7OVlHci0AMQBAAHRlZo9GaLZnXgBBAEEAQQA7YMWIBAAAABAAAAABAAAAAgAAAPsPAAA0DQAA</a:base64Binary><a:base64Binary>aEIAAAUAAAD//v8ndGVmj0ZotmdeAEEAQQBBADtgxYgtADEAQABBAEEAQQA7YMWILwBNUqdPs3g5WX9n+laaWy0AMQBAAHRlZo9GaLZnXgBBAEEAQQA7YMWIBAAAABAAAAABAAAAAgAAAPsPAABODQAA</a:base64Binary><a:base64Binary>aEIAAAUAAAD//v8ndGVmj0ZotmdeAEEAQQBBADtgxYgtADEAQABBAEEAQQA7YMWILwA4AG0AbQCzeKF7OVlHci0AMgBAAHRlZo9GaLZnXgBBAEEAQQA7YMWIBAAAABAAAAABAAAAAgAAAPsPAABSDQAA</a:base64Binary><a:base64Binary>aEIAAAUAAAD//v8ndGVmj0ZotmdeAEEAQQBBADtgxYgtADEAQABBAEEAQQA7YMWILwBNUqdPs3g5WX9n+laaWy0AMgBAAHRlZo9GaLZnXgBBAEEAQQA7YMWIBAAAABAAAAABAAAAAgAAAPsPAABWDQAA</a:base64Binary><a:base64Binary>aEIAAAUAAAD//v8odGVmj0ZotmdeAEEAQQBBADtgxYgtADEAQABBAEEAQQA7YMWILwBNUqdPD1xuj1Bb+laaW39nLQAxAEAAdGVmj0ZotmdeAEEAQQBBADtgxYgEAAAAEAAAAAEAAAACAAAA+w8AAG8NAAA=</a:base64Binary><a:base64Binary>aEIAAAUAAAD//v8odGVmj0ZotmdeAEEAQQBBADtgxYgtADEAQABBAEEAQQA7YMWILwCRZEZnhY+pUvpWmlt/Z01SLQAyAEAAdGVmj0ZotmdeAEEAQQBBADtgxYgEAAAAEAAAAAEAAAACAAAA+w8AAH4NAAA=</a:base64Binary><a:base64Binary>aEIAAAUAAAD//v8odGVmj0ZotmdeAEEAQQBBADtgxYgtADEAQABBAEEAQQA7YMWILwBNUqdPD1xuj1Bb+laaW39nLQAyAEAAdGVmj0ZotmdeAEEAQQBBADtgxYgEAAAAEAAAAAEAAAACAAAA+w8AAHQNAAA=</a:base64Binary><a:base64Binary>aEIAAAUAAAD//v8odGVmj0ZotmdeAEEAQQBBADtgxYgtADEAQABBAEEAQQA7YMWILwBNUqdPs3g5WX9n+laaWzIALQAxAEAAdGVmj0ZotmdeAEEAQQBBADtgxYgEAAAAEAAAAAEAAAACAAAA+w8AAK8NAAA=</a:base64Binary><a:base64Binary>aEIAAAUAAAD//v8odGVmj0ZotmdeAEEAQQBBADtgxYgtADEAQABBAEEAQQA7YMWILwBNUqdPD1xuj1Bb+laaW39nLQA0AEAAdGVmj0ZotmdeAEEAQQBBADtgxYgEAAAAEAAAAAEAAAACAAAA+w8AALoNAAA=</a:base64Binary><a:base64Binary>aEIAAAUAAAD//v8ndGVmj0ZotmdeAEEAQQBBADtgxYgtADEAQABBAEEAQQA7YMWILwBNUqdPs3g5WX9n+laaWy0ANQBAAHRlZo9GaLZnXgBBAEEAQQA7YMWIBAAAABAAAAABAAAAAgAAAPsPAAC7DQAA</a:base64Binary><a:base64Binary>aEIAAAUAAAD//v8ndGVmj0ZotmdeAEEAQQBBADtgxYgtADEAQABBAEEAQQA7YMWILwBNUqdPs3g5WX9n+laaWy0ANgBAAHRlZo9GaLZnXgBBAEEAQQA7YMWIBAAAABAAAAABAAAAAgAAAPsPAAC8DQAA</a:base64Binary><a:base64Binary>aEIAAAUAAAD//v8mdGVmj0ZotmdeAEEAQQBBADtgxYgtADEAQABBAEEAQQA7YMWILwBNUqdP+laaW7N4oXstADIAQAB0ZWaPRmi2Z14AQQBBAEEAO2DFiAQAAAAQAAAAAQAAAAIAAAD7DwAAvQ0AAA==</a:base64Binary><a:base64Binary>aEIAAAUAAAD//v8ndGVmj0ZotmdeAEEAQQBBADtgxYgtADEAQABBAEEAQQA7YMWILwA4AG0AbQCzeKF7OVlHci0AMwBAAHRlZo9GaLZnXgBBAEEAQQA7YMWIBAAAABAAAAABAAAAAgAAAPsPAAC+DQAA</a:base64Binary><a:base64Binary>aEIAAAUAAAD//v8odGVmj0ZotmdeAEEAQQBBADtgxYgtADEAQABBAEEAQQA7YMWILwBNUqdPD1xuj1Bb+laaW39nLQA1AEAAdGVmj0ZotmdeAEEAQQBBADtgxYgEAAAAEAAAAAEAAAACAAAA+w8AAMENAAA=</a:base64Binary><a:base64Binary>aEIAAAUAAAD//v8odGVmj0ZotmdeAEEAQQBBADtgxYgtADEAQABBAEEAQQA7YMWILwBNUqdPs3g5WX9n+laaWzIALQAyAEAAdGVmj0ZotmdeAEEAQQBBADtgxYgEAAAAEAAAAAEAAAACAAAA+w8AAMANAAA=</a:base64Binary><a:base64Binary>aEIAAAUAAAD//v8ndGVmj0ZotmdeAEEAQQBBADtgxYgtADEAQABBAEEAQQA7YMWILwA4AG0AbQCzeKF7OVlHci0ANABAAHRlZo9GaLZnXgBBAEEAQQA7YMWIBAAAABAAAAABAAAAAgAAAPsPAAC/DQAA</a:base64Binary><a:base64Binary>aEIAAAUAAAD//v8mdGVmj0ZotmdeAEEAQQBBADtgxYgtADEAQABBAEEAQQA7YMWILwCRZEZn+laaW39nTVItADIAQAB0ZWaPRmi2Z14AQQBBAEEAO2DFiAQAAAAQAAAAAQAAAAIAAAD7DwAAfQQAAA==</a:base64Binary><a:base64Binary>aEIAAAUAAAD//v8cdQA4APR2cZo1gm6PLQAxAEAAQQBBAEEAO2DFiC8ANYJuj59TuXAtADEAQAB1ADgA9HZxmjWCbo8EAAAAEAAAAAEAAAACAAAABhUAADUAAAA=</a:base64Binary><a:base64Binary>aEIAAAUAAAD//v8cdQA4APR2cZo1gm6PLQAxAEAAQQBBAEEAO2DFiC8AdQA4AKtXf2ctADEAQAB1ADgA9HZxmjWCbo8EAAAAEAAAAAEAAAACAAAABhUAABoAAAA=</a:base64Binary><a:base64Binary>aEIAAAUAAAD//v8edQA4APR2cZo1gm6PLQAxAEAAQQBBAEEAO2DFiC8ANXU6Z26PUFurV39nLQAxAEAAdQA4APR2cZo1gm6PBAAAABAAAAABAAAAAgAAAAYVAAAdAAAA</a:base64Binary><a:base64Binary>aEIAAAUAAAD//v8udQA4APR2cZo1gm6PLQAxAEAAQQBBAEEAO2DFiC8AVABtAG8AdABvAHIAIABVADgAIABMAGkAdABlACAATAAgAEsAVgAxADEAMAAtADEAQAB1ADgA9HZxmjWCbo8EAAAAEAAAAAEAAAACAAAABhUAACoAAAA=</a:base64Binary><a:base64Binary>aEIAAAUAAAD//v8kdQA4APR2cZo1gm6PLQAxAEAAQQBBAEEAO2DFiC8ASwBBADAAWABQADAA+3wXUoSFwVh0j39iLQAxAEAAdQA4APR2cZo1gm6PBAAAABAAAAABAAAAAgAAAAYVAAAyAAAA</a:base64Binary><a:base64Binary>aEIAAAUAAAD//v8ddQA4APR2cZo1gm6PLQAxAEAAQQBBAEEAO2DFiC8AFlkIV2MAbgBjAC0AMQBAAHUAOAD0dnGaNYJujwQAAAAQAAAAAQAAAAIAAAAGFQAAQAAAAA==</a:base64Binary><a:base64Binary>aEIAAAUAAAD//v8fdQA4APR2cZo1gm6PLQAxAEAAQQBBAEEAO2DFiC8AKoIRVIVRf5/6VppbRmgtADEAQAB1ADgA9HZxmjWCbo8EAAAAEAAAAAEAAAACAAAABhUAAEMAAAA=</a:base64Binary><a:base64Binary>aEIAAAUAAAD//v8cdQA4APR2cZo1gm6PLQAxAEAAQQBBAEEAO2DFiC8ANYJuj5Vef2ctADEAQAB1ADgA9HZxmjWCbo8EAAAAEAAAAAEAAAACAAAABhUAAEcAAAA=</a:base64Binary><a:base64Binary>aEIAAAUAAAD//v8ddQA4APR2cZo1gm6PLQAxAEAAQQBBAEEAO2DFiC8ATQAyADAAMAA2AC0AMQBAAHUAOAD0dnGaNYJujwQAAAAQAAAAAQAAAAIAAAAGFQAASwAAAA==</a:base64Binary><a:base64Binary>aEIAAAUAAAD//v8ddQA4APR2cZo1gm6PLQAxAEAAQQBBAEEAO2DFiC8ANYJujydZf5/Ydi0AMQBAAHUAOAD0dnGaNYJujwQAAAAQAAAAAQAAAAIAAAAGFQAATAAAAA==</a:base64Binary><a:base64Binary>aEIAAAUAAAD//v8cdQA4APR2cZo1gm6PLQAxAEAAQQBBAEEAO2DFiC8ANYJujw9cf58tADMAQAB1ADgA9HZxmjWCbo8EAAAAEAAAAAEAAAACAAAABhUAAG0AAAA=</a:base64Binary><a:base64Binary>aEIAAAUAAAD//v8edQA4APR2cZo1gm6PLQAxAEAAQQBBAEEAO2DFiC8ANYJujxZZ9l44T39nLQAxAEAAdQA4APR2cZo1gm6PBAAAABAAAAABAAAAAgAAAAYVAACMAAAA</a:base64Binary><a:base64Binary>aEIAAAUAAAD//v8hdQA4APR2cZo1gm6PLQAxAEAAQQBBAEEAO2DFiC8ANYJujzIAMAAwADYA3o+lY39nLQAxAEAAdQA4APR2cZo1gm6PBAAAABAAAAABAAAAAgAAAAYVAACSAAAA</a:base64Binary><a:base64Binary>aEIAAAUAAAD//v8hdQA4APR2cZo1gm6PLQAxAEAAQQBBAEEAO2DFiC8AhVE4ABZZMQAyANVscFF0j39iLQAxAEAAdQA4APR2cZo1gm6PBAAAABAAAAABAAAAAgAAAAYVAACYAAAA</a:base64Binary><a:base64Binary>aEIAAAUAAAD//v8gdQA4APR2cZo1gm6PLQAxAEAAQQBBAEEAO2DFiC8ANYJuj2yPEVR0j39i3o+lYy0AMQBAAHUAOAD0dnGaNYJujwQAAAAQAAAAAQAAAAIAAAAGFQAAqgAAAA==</a:base64Binary><a:base64Binary>aEIAAAUAAAD//v8gdQA4APR2cZo1gm6PLQAxAEAAQQBBAEEAO2DFiC8ANYJuj2yPEVQ1dTpn3o+lYy0AMQBAAHUAOAD0dnGaNYJujwQAAAAQAAAAAQAAAAIAAAAGFQAArgAAAA==</a:base64Binary><a:base64Binary>aEIAAAUAAAD//v8gdQA4APR2cZo1gm6PLQAxAEAAQQBBAEEAO2DFiC8ANYJuj26PUFt0j39i3o+lYy0AMQBAAHUAOAD0dnGaNYJujwQAAAAQAAAAAQAAAAIAAAAGFQAAtgAAAA==</a:base64Binary><a:base64Binary>aEIAAAUAAAD//v8idQA4APR2cZo1gm6PLQAxAEAAQQBBAEEAO2DFiC8AhVExADUAFlkyADQA1WxwUXSPf2ItADEAQAB1ADgA9HZxmjWCbo8EAAAAEAAAAAEAAAACAAAABhUAALkAAAA=</a:base64Binary><a:base64Binary>aEIAAAUAAAD//v8cdQA4APR2cZo1gm6PLQA1AEAAQQBBAEEAO2DFiC8ANYJuj59TuXAtADEAQAB1ADgA9HZxmjWCbo8EAAAAEAAAAAEAAAACAAAAYhYAADUAAAA=</a:base64Binary><a:base64Binary>aEIAAAUAAAD//v8cdQA4APR2cZo1gm6PLQA1AEAAQQBBAEEAO2DFiC8AdQA4AKtXf2ctADEAQAB1ADgA9HZxmjWCbo8EAAAAEAAAAAEAAAACAAAAYhYAABoAAAA=</a:base64Binary><a:base64Binary>aEIAAAUAAAD//v8edQA4APR2cZo1gm6PLQA1AEAAQQBBAEEAO2DFiC8ANXU6Z26PUFurV39nLQAxAEAAdQA4APR2cZo1gm6PBAAAABAAAAABAAAAAgAAAGIWAAAdAAAA</a:base64Binary><a:base64Binary>aEIAAAUAAAD//v8udQA4APR2cZo1gm6PLQA1AEAAQQBBAEEAO2DFiC8AVABtAG8AdABvAHIAIABVADgAIABMAGkAdABlACAATAAgAEsAVgAxADEAMAAtADEAQAB1ADgA9HZxmjWCbo8EAAAAEAAAAAEAAAACAAAAYhYAACoAAAA=</a:base64Binary><a:base64Binary>aEIAAAUAAAD//v8kdQA4APR2cZo1gm6PLQA1AEAAQQBBAEEAO2DFiC8ASwBBADAAWABQADAA+3wXUoSFwVh0j39iLQAxAEAAdQA4APR2cZo1gm6PBAAAABAAAAABAAAAAgAAAGIWAAAyAAAA</a:base64Binary><a:base64Binary>aEIAAAUAAAD//v8ddQA4APR2cZo1gm6PLQA1AEAAQQBBAEEAO2DFiC8AFlkIV2MAbgBjAC0AMQBAAHUAOAD0dnGaNYJujwQAAAAQAAAAAQAAAAIAAABiFgAAQAAAAA==</a:base64Binary><a:base64Binary>aEIAAAUAAAD//v8fdQA4APR2cZo1gm6PLQA1AEAAQQBBAEEAO2DFiC8AKoIRVIVRf5/6VppbRmgtADEAQAB1ADgA9HZxmjWCbo8EAAAAEAAAAAEAAAACAAAAYhYAAEMAAAA=</a:base64Binary><a:base64Binary>aEIAAAUAAAD//v8cdQA4APR2cZo1gm6PLQA1AEAAQQBBAEEAO2DFiC8ANYJuj5Vef2ctADEAQAB1ADgA9HZxmjWCbo8EAAAAEAAAAAEAAAACAAAAYhYAAEcAAAA=</a:base64Binary><a:base64Binary>aEIAAAUAAAD//v8ddQA4APR2cZo1gm6PLQA1AEAAQQBBAEEAO2DFiC8ATQAyADAAMAA2AC0AMQBAAHUAOAD0dnGaNYJujwQAAAAQAAAAAQAAAAIAAABiFgAASwAAAA==</a:base64Binary><a:base64Binary>aEIAAAUAAAD//v8ddQA4APR2cZo1gm6PLQA1AEAAQQBBAEEAO2DFiC8ANYJujydZf5/Ydi0AMQBAAHUAOAD0dnGaNYJujwQAAAAQAAAAAQAAAAIAAABiFgAATAAAAA==</a:base64Binary><a:base64Binary>aEIAAAUAAAD//v8cdQA4APR2cZo1gm6PLQA1AEAAQQBBAEEAO2DFiC8ANYJujw9cf58tADMAQAB1ADgA9HZxmjWCbo8EAAAAEAAAAAEAAAACAAAAYhYAAG0AAAA=</a:base64Binary><a:base64Binary>aEIAAAUAAAD//v8edQA4APR2cZo1gm6PLQA1AEAAQQBBAEEAO2DFiC8ANYJujxZZ9l44T39nLQAxAEAAdQA4APR2cZo1gm6PBAAAABAAAAABAAAAAgAAAGIWAACMAAAA</a:base64Binary><a:base64Binary>aEIAAAUAAAD//v8hdQA4APR2cZo1gm6PLQA1AEAAQQBBAEEAO2DFiC8ANYJujzIAMAAwADYA3o+lY39nLQAxAEAAdQA4APR2cZo1gm6PBAAAABAAAAABAAAAAgAAAGIWAACSAAAA</a:base64Binary><a:base64Binary>aEIAAAUAAAD//v8hdQA4APR2cZo1gm6PLQA1AEAAQQBBAEEAO2DFiC8AhVE4ABZZMQAyANVscFF0j39iLQAxAEAAdQA4APR2cZo1gm6PBAAAABAAAAABAAAAAgAAAGIWAACYAAAA</a:base64Binary><a:base64Binary>aEIAAAUAAAD//v8gdQA4APR2cZo1gm6PLQA1AEAAQQBBAEEAO2DFiC8ANYJuj26PUFt0j39i3o+lYy0AMQBAAHUAOAD0dnGaNYJujwQAAAAQAAAAAQAAAAIAAABiFgAAtgAAAA==</a:base64Binary><a:base64Binary>aEIAAAUAAAD//v8idQA4APR2cZo1gm6PLQA1AEAAQQBBAEEAO2DFiC8AhVExADUAFlkyADQA1WxwUXSPf2ItADEAQAB1ADgA9HZxmjWCbo8EAAAAEAAAAAEAAAACAAAAYhYAALkAAAA=</a:base64Binary><a:base64Binary>aEIAAAUAAAD//v8gdQA4APR2cZo1gm6PLQA1AEAAQQBBAEEAO2DFiC8ANYJuj2yPEVR0j39i3o+lYy0AMQBAAHUAOAD0dnGaNYJujwQAAAAQAAAAAQAAAAIAAABiFgAAqgAAAA==</a:base64Binary><a:base64Binary>aEIAAAUAAAD//v8gdQA4APR2cZo1gm6PLQA1AEAAQQBBAEEAO2DFiC8ANYJuj2yPEVQ1dTpn3o+lYy0AMQBAAHUAOAD0dnGaNYJujwQAAAAQAAAAAQAAAAIAAABiFgAArgAAAA==</a:base64Binary><a:base64Binary>aEIAAAUAAAD//v8cdQA4APR2cZo1gm6PLQAzAEAAQQBBAEEAO2DFiC8ANYJuj59TuXAtADEAQAB1ADgA9HZxmjWCbo8EAAAAEAAAAAEAAAACAAAAWRYAADUAAAA=</a:base64Binary><a:base64Binary>aEIAAAUAAAD//v8cdQA4APR2cZo1gm6PLQAzAEAAQQBBAEEAO2DFiC8AdQA4AKtXf2ctADEAQAB1ADgA9HZxmjWCbo8EAAAAEAAAAAEAAAACAAAAWRYAABoAAAA=</a:base64Binary><a:base64Binary>aEIAAAUAAAD//v8edQA4APR2cZo1gm6PLQAzAEAAQQBBAEEAO2DFiC8ANXU6Z26PUFurV39nLQAxAEAAdQA4APR2cZo1gm6PBAAAABAAAAABAAAAAgAAAFkWAAAdAAAA</a:base64Binary><a:base64Binary>aEIAAAUAAAD//v8udQA4APR2cZo1gm6PLQAzAEAAQQBBAEEAO2DFiC8AVABtAG8AdABvAHIAIABVADgAIABMAGkAdABlACAATAAgAEsAVgAxADEAMAAtADEAQAB1ADgA9HZxmjWCbo8EAAAAEAAAAAEAAAACAAAAWRYAACoAAAA=</a:base64Binary><a:base64Binary>aEIAAAUAAAD//v8kdQA4APR2cZo1gm6PLQAzAEAAQQBBAEEAO2DFiC8ASwBBADAAWABQADAA+3wXUoSFwVh0j39iLQAxAEAAdQA4APR2cZo1gm6PBAAAABAAAAABAAAAAgAAAFkWAAAyAAAA</a:base64Binary><a:base64Binary>aEIAAAUAAAD//v8ddQA4APR2cZo1gm6PLQAzAEAAQQBBAEEAO2DFiC8AFlkIV2MAbgBjAC0AMQBAAHUAOAD0dnGaNYJujwQAAAAQAAAAAQAAAAIAAABZFgAAQAAAAA==</a:base64Binary><a:base64Binary>aEIAAAUAAAD//v8fdQA4APR2cZo1gm6PLQAzAEAAQQBBAEEAO2DFiC8AKoIRVIVRf5/6VppbRmgtADEAQAB1ADgA9HZxmjWCbo8EAAAAEAAAAAEAAAACAAAAWRYAAEMAAAA=</a:base64Binary><a:base64Binary>aEIAAAUAAAD//v8cdQA4APR2cZo1gm6PLQAzAEAAQQBBAEEAO2DFiC8ANYJuj5Vef2ctADEAQAB1ADgA9HZxmjWCbo8EAAAAEAAAAAEAAAACAAAAWRYAAEcAAAA=</a:base64Binary><a:base64Binary>aEIAAAUAAAD//v8ddQA4APR2cZo1gm6PLQAzAEAAQQBBAEEAO2DFiC8ATQAyADAAMAA2AC0AMQBAAHUAOAD0dnGaNYJujwQAAAAQAAAAAQAAAAIAAABZFgAASwAAAA==</a:base64Binary><a:base64Binary>aEIAAAUAAAD//v8ddQA4APR2cZo1gm6PLQAzAEAAQQBBAEEAO2DFiC8ANYJujydZf5/Ydi0AMQBAAHUAOAD0dnGaNYJujwQAAAAQAAAAAQAAAAIAAABZFgAATAAAAA==</a:base64Binary><a:base64Binary>aEIAAAUAAAD//v8cdQA4APR2cZo1gm6PLQAzAEAAQQBBAEEAO2DFiC8ANYJujw9cf58tADMAQAB1ADgA9HZxmjWCbo8EAAAAEAAAAAEAAAACAAAAWRYAAG0AAAA=</a:base64Binary><a:base64Binary>aEIAAAUAAAD//v8edQA4APR2cZo1gm6PLQAzAEAAQQBBAEEAO2DFiC8ANYJujxZZ9l44T39nLQAxAEAAdQA4APR2cZo1gm6PBAAAABAAAAABAAAAAgAAAFkWAACMAAAA</a:base64Binary><a:base64Binary>aEIAAAUAAAD//v8hdQA4APR2cZo1gm6PLQAzAEAAQQBBAEEAO2DFiC8ANYJujzIAMAAwADYA3o+lY39nLQAxAEAAdQA4APR2cZo1gm6PBAAAABAAAAABAAAAAgAAAFkWAACSAAAA</a:base64Binary><a:base64Binary>aEIAAAUAAAD//v8hdQA4APR2cZo1gm6PLQAzAEAAQQBBAEEAO2DFiC8AhVE4ABZZMQAyANVscFF0j39iLQAxAEAAdQA4APR2cZo1gm6PBAAAABAAAAABAAAAAgAAAFkWAACYAAAA</a:base64Binary><a:base64Binary>aEIAAAUAAAD//v8gdQA4APR2cZo1gm6PLQAzAEAAQQBBAEEAO2DFiC8ANYJuj2yPEVR0j39i3o+lYy0AMQBAAHUAOAD0dnGaNYJujwQAAAAQAAAAAQAAAAIAAABZFgAAqgAAAA==</a:base64Binary><a:base64Binary>aEIAAAUAAAD//v8gdQA4APR2cZo1gm6PLQAzAEAAQQBBAEEAO2DFiC8ANYJuj2yPEVQ1dTpn3o+lYy0AMQBAAHUAOAD0dnGaNYJujwQAAAAQAAAAAQAAAAIAAABZFgAArgAAAA==</a:base64Binary><a:base64Binary>aEIAAAUAAAD//v8gdQA4APR2cZo1gm6PLQAzAEAAQQBBAEEAO2DFiC8ANYJuj26PUFt0j39i3o+lYy0AMQBAAHUAOAD0dnGaNYJujwQAAAAQAAAAAQAAAAIAAABZFgAAtgAAAA==</a:base64Binary><a:base64Binary>aEIAAAUAAAD//v8idQA4APR2cZo1gm6PLQAzAEAAQQBBAEEAO2DFiC8AhVExADUAFlkyADQA1WxwUXSPf2ItADEAQAB1ADgA9HZxmjWCbo8EAAAAEAAAAAEAAAACAAAAWRYAALkAAAA=</a:base64Binary><a:base64Binary>aEIAAAUAAAD//v8cdQA4APR2cZo1gm6PLQA0AEAAQQBBAEEAO2DFiC8ANYJuj59TuXAtADEAQAB1ADgA9HZxmjWCbo8EAAAAEAAAAAEAAAACAAAAWhYAADUAAAA=</a:base64Binary><a:base64Binary>aEIAAAUAAAD//v8cdQA4APR2cZo1gm6PLQA0AEAAQQBBAEEAO2DFiC8AdQA4AKtXf2ctADEAQAB1ADgA9HZxmjWCbo8EAAAAEAAAAAEAAAACAAAAWhYAABoAAAA=</a:base64Binary><a:base64Binary>aEIAAAUAAAD//v8edQA4APR2cZo1gm6PLQA0AEAAQQBBAEEAO2DFiC8ANXU6Z26PUFurV39nLQAxAEAAdQA4APR2cZo1gm6PBAAAABAAAAABAAAAAgAAAFoWAAAdAAAA</a:base64Binary><a:base64Binary>aEIAAAUAAAD//v8udQA4APR2cZo1gm6PLQA0AEAAQQBBAEEAO2DFiC8AVABtAG8AdABvAHIAIABVADgAIABMAGkAdABlACAATAAgAEsAVgAxADEAMAAtADEAQAB1ADgA9HZxmjWCbo8EAAAAEAAAAAEAAAACAAAAWhYAACoAAAA=</a:base64Binary><a:base64Binary>aEIAAAUAAAD//v8kdQA4APR2cZo1gm6PLQA0AEAAQQBBAEEAO2DFiC8ASwBBADAAWABQADAA+3wXUoSFwVh0j39iLQAxAEAAdQA4APR2cZo1gm6PBAAAABAAAAABAAAAAgAAAFoWAAAyAAAA</a:base64Binary><a:base64Binary>aEIAAAUAAAD//v8ddQA4APR2cZo1gm6PLQA0AEAAQQBBAEEAO2DFiC8AFlkIV2MAbgBjAC0AMQBAAHUAOAD0dnGaNYJujwQAAAAQAAAAAQAAAAIAAABaFgAAQAAAAA==</a:base64Binary><a:base64Binary>aEIAAAUAAAD//v8fdQA4APR2cZo1gm6PLQA0AEAAQQBBAEEAO2DFiC8AKoIRVIVRf5/6VppbRmgtADEAQAB1ADgA9HZxmjWCbo8EAAAAEAAAAAEAAAACAAAAWhYAAEMAAAA=</a:base64Binary><a:base64Binary>aEIAAAUAAAD//v8cdQA4APR2cZo1gm6PLQA0AEAAQQBBAEEAO2DFiC8ANYJuj5Vef2ctADEAQAB1ADgA9HZxmjWCbo8EAAAAEAAAAAEAAAACAAAAWhYAAEcAAAA=</a:base64Binary><a:base64Binary>aEIAAAUAAAD//v8ddQA4APR2cZo1gm6PLQA0AEAAQQBBAEEAO2DFiC8ATQAyADAAMAA2AC0AMQBAAHUAOAD0dnGaNYJujwQAAAAQAAAAAQAAAAIAAABaFgAASwAAAA==</a:base64Binary><a:base64Binary>aEIAAAUAAAD//v8ddQA4APR2cZo1gm6PLQA0AEAAQQBBAEEAO2DFiC8ANYJujydZf5/Ydi0AMQBAAHUAOAD0dnGaNYJujwQAAAAQAAAAAQAAAAIAAABaFgAATAAAAA==</a:base64Binary><a:base64Binary>aEIAAAUAAAD//v8cdQA4APR2cZo1gm6PLQA0AEAAQQBBAEEAO2DFiC8ANYJujw9cf58tADMAQAB1ADgA9HZxmjWCbo8EAAAAEAAAAAEAAAACAAAAWhYAAG0AAAA=</a:base64Binary><a:base64Binary>aEIAAAUAAAD//v8edQA4APR2cZo1gm6PLQA0AEAAQQBBAEEAO2DFiC8ANYJujxZZ9l44T39nLQAxAEAAdQA4APR2cZo1gm6PBAAAABAAAAABAAAAAgAAAFoWAACMAAAA</a:base64Binary><a:base64Binary>aEIAAAUAAAD//v8hdQA4APR2cZo1gm6PLQA0AEAAQQBBAEEAO2DFiC8ANYJujzIAMAAwADYA3o+lY39nLQAxAEAAdQA4APR2cZo1gm6PBAAAABAAAAABAAAAAgAAAFoWAACSAAAA</a:base64Binary><a:base64Binary>aEIAAAUAAAD//v8hdQA4APR2cZo1gm6PLQA0AEAAQQBBAEEAO2DFiC8AhVE4ABZZMQAyANVscFF0j39iLQAxAEAAdQA4APR2cZo1gm6PBAAAABAAAAABAAAAAgAAAFoWAACYAAAA</a:base64Binary><a:base64Binary>aEIAAAUAAAD//v8gdQA4APR2cZo1gm6PLQA0AEAAQQBBAEEAO2DFiC8ANYJuj2yPEVR0j39i3o+lYy0AMQBAAHUAOAD0dnGaNYJujwQAAAAQAAAAAQAAAAIAAABaFgAAqgAAAA==</a:base64Binary><a:base64Binary>aEIAAAUAAAD//v8gdQA4APR2cZo1gm6PLQA0AEAAQQBBAEEAO2DFiC8ANYJuj2yPEVQ1dTpn3o+lYy0AMQBAAHUAOAD0dnGaNYJujwQAAAAQAAAAAQAAAAIAAABaFgAArgAAAA==</a:base64Binary><a:base64Binary>aEIAAAUAAAD//v8gdQA4APR2cZo1gm6PLQA0AEAAQQBBAEEAO2DFiC8ANYJuj26PUFt0j39i3o+lYy0AMQBAAHUAOAD0dnGaNYJujwQAAAAQAAAAAQAAAAIAAABaFgAAtgAAAA==</a:base64Binary><a:base64Binary>aEIAAAUAAAD//v8idQA4APR2cZo1gm6PLQA0AEAAQQBBAEEAO2DFiC8AhVExADUAFlkyADQA1WxwUXSPf2ItADEAQAB1ADgA9HZxmjWCbo8EAAAAEAAAAAEAAAACAAAAWhYAALkAAAA=</a:base64Binary></SWComponentPIDs><SWMainComponentPID i:nil="true"/><Visual z:Ref="i16"/><isFixedFrame>false</isFixedFrame><isIncomplete>false</isIncomplete></Link>
2025-11-21 20:14:55,717 INFO  AssemblyExportForm.cs: 309 - Saving URDF package to E:\1111\12345
2025-11-21 20:14:55,718 INFO  ExportHelper.cs: 147 - Beginning the export process
2025-11-21 20:14:55,720 INFO  ExportHelper.cs: 153 - Creating package directories with name 12345 and save path E:\1111
2025-11-21 20:14:57,758 INFO  ExportHelper.cs: 162 - Creating CMakeLists.txt at E:\1111\12345\CMakeLists.txt
2025-11-21 20:14:57,758 INFO  ExportHelper.cs: 166 - Creating joint names config at E:\1111\12345\config\joint_names_12345.yaml
2025-11-21 20:14:57,760 INFO  ExportHelper.cs: 170 - Creating package.xml at E:\1111\12345\package.xml
2025-11-21 20:14:57,760 INFO  PackageXMLWriter.cs: 21 - Creating package.xml at E:\1111\12345\package.xml
2025-11-21 20:14:57,762 INFO  ExportHelper.cs: 177 - Creating RVIZ launch file in E:\1111\12345\launch\
2025-11-21 20:14:57,764 INFO  ExportHelper.cs: 182 - Creating Gazebo launch file in E:\1111\12345\launch\
2025-11-21 20:14:57,764 INFO  ExportHelper.cs: 187 - Saving existing STL preferences
2025-11-21 20:14:57,764 INFO  ExportHelper.cs: 450 - Saving users preferences
2025-11-21 20:14:57,765 INFO  ExportHelper.cs: 190 - Modifying STL preferences
2025-11-21 20:14:57,765 INFO  ExportHelper.cs: 464 - Setting STL preferences
2025-11-21 20:14:57,771 INFO  ExportHelper.cs: 196 - Found 0 hidden components 
2025-11-21 20:14:57,771 INFO  ExportHelper.cs: 197 - Hiding all components
2025-11-21 20:14:59,608 INFO  ExportHelper.cs: 204 - Beginning individual files export
2025-11-21 20:14:59,613 INFO  ExportHelper.cs: 270 - Exporting link: base_link
2025-11-21 20:14:59,613 INFO  ExportHelper.cs: 272 - Link base_link has 10 children
2025-11-21 20:14:59,615 INFO  ExportHelper.cs: 270 - Exporting link: L_F_wheel_Link
2025-11-21 20:14:59,615 INFO  ExportHelper.cs: 272 - Link L_F_wheel_Link has 0 children
2025-11-21 20:14:59,616 INFO  ExportHelper.cs: 317 - L_F_wheel_Link: Exporting STL with coordinate frame 坐标系7
2025-11-21 20:14:59,616 INFO  ExportHelper.cs: 322 - L_F_wheel_Link: Reference geometry name 
2025-11-21 20:15:01,198 INFO  ExportHelper.cs: 330 - Saving STL to E:\1111\12345\meshes\L_F_wheel_Link.STL
2025-11-21 20:15:05,626 INFO  ExportHelper.cs: 405 - Removing SW header in STL file
2025-11-21 20:15:05,628 INFO  ExportHelper.cs: 270 - Exporting link: L_B_wheel_Link
2025-11-21 20:15:05,628 INFO  ExportHelper.cs: 272 - Link L_B_wheel_Link has 0 children
2025-11-21 20:15:05,628 INFO  ExportHelper.cs: 317 - L_B_wheel_Link: Exporting STL with coordinate frame 坐标系8
2025-11-21 20:15:05,628 INFO  ExportHelper.cs: 322 - L_B_wheel_Link: Reference geometry name 
2025-11-21 20:15:08,018 INFO  ExportHelper.cs: 330 - Saving STL to E:\1111\12345\meshes\L_B_wheel_Link.STL
2025-11-21 20:15:09,687 INFO  ExportHelper.cs: 405 - Removing SW header in STL file
2025-11-21 20:15:09,689 INFO  ExportHelper.cs: 270 - Exporting link: R_F_wheel_Link
2025-11-21 20:15:09,689 INFO  ExportHelper.cs: 272 - Link R_F_wheel_Link has 0 children
2025-11-21 20:15:09,689 INFO  ExportHelper.cs: 317 - R_F_wheel_Link: Exporting STL with coordinate frame 坐标系9
2025-11-21 20:15:09,689 INFO  ExportHelper.cs: 322 - R_F_wheel_Link: Reference geometry name 
2025-11-21 20:15:12,387 INFO  ExportHelper.cs: 330 - Saving STL to E:\1111\12345\meshes\R_F_wheel_Link.STL
2025-11-21 20:15:14,059 INFO  ExportHelper.cs: 405 - Removing SW header in STL file
2025-11-21 20:15:14,061 INFO  ExportHelper.cs: 270 - Exporting link: R_B_wheel_Link
2025-11-21 20:15:14,061 INFO  ExportHelper.cs: 272 - Link R_B_wheel_Link has 0 children
2025-11-21 20:15:14,061 INFO  ExportHelper.cs: 317 - R_B_wheel_Link: Exporting STL with coordinate frame 坐标系10
2025-11-21 20:15:14,061 INFO  ExportHelper.cs: 322 - R_B_wheel_Link: Reference geometry name 
2025-11-21 20:15:16,629 INFO  ExportHelper.cs: 330 - Saving STL to E:\1111\12345\meshes\R_B_wheel_Link.STL
2025-11-21 20:15:18,624 INFO  ExportHelper.cs: 405 - Removing SW header in STL file
2025-11-21 20:15:18,629 INFO  ExportHelper.cs: 270 - Exporting link: L_F_ST_Link
2025-11-21 20:15:18,629 INFO  ExportHelper.cs: 272 - Link L_F_ST_Link has 1 children
2025-11-21 20:15:18,630 INFO  ExportHelper.cs: 270 - Exporting link: L_F_S_wheel_Link
2025-11-21 20:15:18,630 INFO  ExportHelper.cs: 272 - Link L_F_S_wheel_Link has 0 children
2025-11-21 20:15:18,630 INFO  ExportHelper.cs: 317 - L_F_S_wheel_Link: Exporting STL with coordinate frame 坐标系15
2025-11-21 20:15:18,630 INFO  ExportHelper.cs: 322 - L_F_S_wheel_Link: Reference geometry name 
2025-11-21 20:15:20,806 INFO  ExportHelper.cs: 330 - Saving STL to E:\1111\12345\meshes\L_F_S_wheel_Link.STL
2025-11-21 20:15:22,523 INFO  ExportHelper.cs: 405 - Removing SW header in STL file
2025-11-21 20:15:22,524 INFO  ExportHelper.cs: 317 - L_F_ST_Link: Exporting STL with coordinate frame 坐标系11
2025-11-21 20:15:22,524 INFO  ExportHelper.cs: 322 - L_F_ST_Link: Reference geometry name 
2025-11-21 20:15:24,205 INFO  ExportHelper.cs: 330 - Saving STL to E:\1111\12345\meshes\L_F_ST_Link.STL
2025-11-21 20:15:26,216 INFO  ExportHelper.cs: 405 - Removing SW header in STL file
2025-11-21 20:15:26,218 INFO  ExportHelper.cs: 270 - Exporting link: L_B_ST_Link
2025-11-21 20:15:26,218 INFO  ExportHelper.cs: 272 - Link L_B_ST_Link has 1 children
2025-11-21 20:15:26,219 INFO  ExportHelper.cs: 270 - Exporting link: L_B_S_wheel_Link
2025-11-21 20:15:26,219 INFO  ExportHelper.cs: 272 - Link L_B_S_wheel_Link has 0 children
2025-11-21 20:15:26,219 INFO  ExportHelper.cs: 317 - L_B_S_wheel_Link: Exporting STL with coordinate frame 坐标系16
2025-11-21 20:15:26,219 INFO  ExportHelper.cs: 322 - L_B_S_wheel_Link: Reference geometry name 
2025-11-21 20:15:28,396 INFO  ExportHelper.cs: 330 - Saving STL to E:\1111\12345\meshes\L_B_S_wheel_Link.STL
2025-11-21 20:15:30,139 INFO  ExportHelper.cs: 405 - Removing SW header in STL file
2025-11-21 20:15:30,140 INFO  ExportHelper.cs: 317 - L_B_ST_Link: Exporting STL with coordinate frame 坐标系12
2025-11-21 20:15:30,144 INFO  ExportHelper.cs: 322 - L_B_ST_Link: Reference geometry name 
2025-11-21 20:15:31,814 INFO  ExportHelper.cs: 330 - Saving STL to E:\1111\12345\meshes\L_B_ST_Link.STL
2025-11-21 20:15:33,808 INFO  ExportHelper.cs: 405 - Removing SW header in STL file
2025-11-21 20:15:33,811 INFO  ExportHelper.cs: 270 - Exporting link: R_F_ST_Link
2025-11-21 20:15:33,811 INFO  ExportHelper.cs: 272 - Link R_F_ST_Link has 1 children
2025-11-21 20:15:33,812 INFO  ExportHelper.cs: 270 - Exporting link: R_F_S_wheel_Link
2025-11-21 20:15:33,812 INFO  ExportHelper.cs: 272 - Link R_F_S_wheel_Link has 0 children
2025-11-21 20:15:33,813 INFO  ExportHelper.cs: 317 - R_F_S_wheel_Link: Exporting STL with coordinate frame 坐标系17
2025-11-21 20:15:33,813 INFO  ExportHelper.cs: 322 - R_F_S_wheel_Link: Reference geometry name 
2025-11-21 20:15:36,087 INFO  ExportHelper.cs: 330 - Saving STL to E:\1111\12345\meshes\R_F_S_wheel_Link.STL
2025-11-21 20:15:37,798 INFO  ExportHelper.cs: 405 - Removing SW header in STL file
2025-11-21 20:15:37,798 INFO  ExportHelper.cs: 317 - R_F_ST_Link: Exporting STL with coordinate frame 坐标系13
2025-11-21 20:15:37,798 INFO  ExportHelper.cs: 322 - R_F_ST_Link: Reference geometry name 
2025-11-21 20:15:39,525 INFO  ExportHelper.cs: 330 - Saving STL to E:\1111\12345\meshes\R_F_ST_Link.STL
2025-11-21 20:15:41,552 INFO  ExportHelper.cs: 405 - Removing SW header in STL file
2025-11-21 20:15:41,555 INFO  ExportHelper.cs: 270 - Exporting link: R_B_ST_Link
2025-11-21 20:15:41,555 INFO  ExportHelper.cs: 272 - Link R_B_ST_Link has 1 children
2025-11-21 20:15:41,556 INFO  ExportHelper.cs: 270 - Exporting link: R_B_S_wheel_Link
2025-11-21 20:15:41,556 INFO  ExportHelper.cs: 272 - Link R_B_S_wheel_Link has 0 children
2025-11-21 20:15:41,556 INFO  ExportHelper.cs: 317 - R_B_S_wheel_Link: Exporting STL with coordinate frame 坐标系18
2025-11-21 20:15:41,556 INFO  ExportHelper.cs: 322 - R_B_S_wheel_Link: Reference geometry name 
2025-11-21 20:15:43,859 INFO  ExportHelper.cs: 330 - Saving STL to E:\1111\12345\meshes\R_B_S_wheel_Link.STL
2025-11-21 20:15:45,640 INFO  ExportHelper.cs: 405 - Removing SW header in STL file
2025-11-21 20:15:45,641 INFO  ExportHelper.cs: 317 - R_B_ST_Link: Exporting STL with coordinate frame 坐标系14
2025-11-21 20:15:45,641 INFO  ExportHelper.cs: 322 - R_B_ST_Link: Reference geometry name 
2025-11-21 20:15:47,417 INFO  ExportHelper.cs: 330 - Saving STL to E:\1111\12345\meshes\R_B_ST_Link.STL
2025-11-21 20:15:49,548 INFO  ExportHelper.cs: 405 - Removing SW header in STL file
2025-11-21 20:15:49,550 INFO  ExportHelper.cs: 270 - Exporting link: most_L_F_wheel_Link
2025-11-21 20:15:49,551 INFO  ExportHelper.cs: 272 - Link most_L_F_wheel_Link has 0 children
2025-11-21 20:15:49,551 INFO  ExportHelper.cs: 317 - most_L_F_wheel_Link: Exporting STL with coordinate frame 坐标系19
2025-11-21 20:15:49,551 INFO  ExportHelper.cs: 322 - most_L_F_wheel_Link: Reference geometry name 
2025-11-21 20:15:54,078 INFO  ExportHelper.cs: 330 - Saving STL to E:\1111\12345\meshes\most_L_F_wheel_Link.STL
2025-11-21 20:15:55,845 INFO  ExportHelper.cs: 405 - Removing SW header in STL file
2025-11-21 20:15:55,849 INFO  ExportHelper.cs: 270 - Exporting link: most_R_F_wheel_Link
2025-11-21 20:15:55,849 INFO  ExportHelper.cs: 272 - Link most_R_F_wheel_Link has 0 children
2025-11-21 20:15:55,850 INFO  ExportHelper.cs: 317 - most_R_F_wheel_Link: Exporting STL with coordinate frame 坐标系20
2025-11-21 20:15:55,850 INFO  ExportHelper.cs: 322 - most_R_F_wheel_Link: Reference geometry name 
2025-11-21 20:15:57,523 INFO  ExportHelper.cs: 330 - Saving STL to E:\1111\12345\meshes\most_R_F_wheel_Link.STL
2025-11-21 20:15:59,353 INFO  ExportHelper.cs: 405 - Removing SW header in STL file
2025-11-21 20:15:59,354 INFO  ExportHelper.cs: 317 - base_link: Exporting STL with coordinate frame 坐标系1
2025-11-21 20:15:59,354 INFO  ExportHelper.cs: 322 - base_link: Reference geometry name 
2025-11-21 20:16:04,033 INFO  ExportHelper.cs: 330 - Saving STL to E:\1111\12345\meshes\base_link.STL
2025-11-21 20:16:25,967 INFO  ExportHelper.cs: 405 - Removing SW header in STL file
2025-11-21 20:16:25,967 INFO  ExportHelper.cs: 145 - Showing all components except previously hidden components
2025-11-21 20:16:44,382 INFO  ExportHelper.cs: 145 - Resetting STL preferences
2025-11-21 20:16:44,383 INFO  ExportHelper.cs: 478 - Returning STL preferences to user preferences
2025-11-21 20:16:44,383 INFO  ExportHelper.cs: 228 - Writing URDF file to E:\1111\12345\urdf\12345.urdf
2025-11-21 20:16:44,446 INFO  CSVImportExport.cs: 32 - Writing CSV file E:\1111\12345\urdf\12345.csv
2025-11-21 20:16:44,461 ERROR CSVImportExport.cs: 130 - The following columns were not written to the CSV: Link.Joint.ChildLink.link,
2025-11-21 20:16:44,461 ERROR CSVImportExport.cs: 130 - The following columns were not written to the CSV: Link.Joint.ChildLink.link,
2025-11-21 20:16:44,462 ERROR CSVImportExport.cs: 130 - The following columns were not written to the CSV: Link.Joint.ChildLink.link,
2025-11-21 20:16:44,462 ERROR CSVImportExport.cs: 130 - The following columns were not written to the CSV: Link.Joint.ChildLink.link,
2025-11-21 20:16:44,462 ERROR CSVImportExport.cs: 130 - The following columns were not written to the CSV: Link.Joint.ChildLink.link,
2025-11-21 20:16:44,462 ERROR CSVImportExport.cs: 130 - The following columns were not written to the CSV: Link.Joint.ChildLink.link,
2025-11-21 20:16:44,463 ERROR CSVImportExport.cs: 130 - The following columns were not written to the CSV: Link.Joint.ChildLink.link,
2025-11-21 20:16:44,463 ERROR CSVImportExport.cs: 130 - The following columns were not written to the CSV: Link.Joint.ChildLink.link,
2025-11-21 20:16:44,463 ERROR CSVImportExport.cs: 130 - The following columns were not written to the CSV: Link.Joint.ChildLink.link,
2025-11-21 20:16:44,463 ERROR CSVImportExport.cs: 130 - The following columns were not written to the CSV: Link.Joint.ChildLink.link,
2025-11-21 20:16:44,463 ERROR CSVImportExport.cs: 130 - The following columns were not written to the CSV: Link.Joint.ChildLink.link,
2025-11-21 20:16:44,463 ERROR CSVImportExport.cs: 130 - The following columns were not written to the CSV: Link.Joint.ChildLink.link,
2025-11-21 20:16:44,464 ERROR CSVImportExport.cs: 130 - The following columns were not written to the CSV: Link.Joint.ChildLink.link,
2025-11-21 20:16:44,464 ERROR CSVImportExport.cs: 130 - The following columns were not written to the CSV: Link.Joint.ChildLink.link,
2025-11-21 20:16:44,464 ERROR CSVImportExport.cs: 130 - The following columns were not written to the CSV: Link.Joint.ChildLink.link,
2025-11-21 20:16:44,464 INFO  ExportHelper.cs: 234 - Copying log file
2025-11-21 20:16:44,466 INFO  ExportHelper.cs: 439 - Copying C:\Users\sign-gff\sw2urdf_logs\sw2urdf.log to E:\1111\12345\export.log
